Year,Report Date,Bank Name,Bank Type,Is_Aggregate,(Credit + Investment) - Deposit Ratio,Cash - Deposit Ratio,Cost of borrowings,Cost of deposits,Cost of funds,Credit - Deposit Ratio,Investment - Deposit Ratio,Ratio of burden to interest income,Ratio of burden to total assets,Ratio of demand & savings bank deposits to total deposits,Ratio of deposits to total liabilities,Ratio of interest income to total assets,Ratio of intermediation cost to total assets,Ratio of investments in non-approved securities to total investments,Ratio of net interest income to total assets (Net Interest Margin),Ratio of non-interest income to total assets,Ratio of operating profits to total assets,Ratio of priority sector advances to total advances,Ratio of secured advances to total advances,Ratio of term loans to total advances,Ratio of wage bills to intermediation cost,Ratio of wage bills to total expense,Ratio of wage bills to total income,Return on advances,Return on advances adjusted to cost of funds,Return on assets,Return on equity,Return on investments,Return on investments adjusted to cost of funds
2005,2005-03-31,ALL SCHEDULED COMMERICIAL BANKS,ALL SCHEDULED COMMERICIAL BANKS,True,109.96,6.43,8.96,4.53,4.84,62.63,47.33,10.08,0.73,36.97,78.01,7.2,2.32,18.17,3.08,1.59,2.36,32.2,82.32,54.04,58.8,21.18,15.5,8.08,3.24,1.01,15.75,7.87,3.02
2005,2005-03-31,FOREIGN BANKS,FOREIGN BANKS,True,136.79,7.82,5.2,3.11,3.63,87.18,49.61,6.02,0.38,48.05,56.23,6.33,3.05,20.07,3.54,2.67,3.16,25.77,63.56,49.16,30.89,16.13,10.47,8.15,4.52,1.61,11.72,6.98,3.34
2005,2005-03-31,NATIONALISED BANKS,NATIONALISED BANKS,True,106.88,6.96,11.14,4.56,4.86,61.17,45.71,11.67,0.86,37.01,81.17,7.38,2.28,19.04,3.13,1.42,2.27,35.5,84.95,51.24,68.25,23.88,17.72,8.21,3.35,0.95,16.47,8.22,3.36
2005,2005-03-31,PAYMENTS BANKS,PAYMENTS BANKS,True,,,,,,,,,,,,,,,,,,,,,,,,,,,,,
2005,2005-03-31,PRIVATE SECTOR BANKS,PRIVATE SECTOR BANKS,True,115.05,6.78,9.9,4.14,4.87,70.34,44.71,8.79,0.58,30.48,73.53,6.61,2.18,30.58,2.51,1.6,1.93,25.74,86.06,65.49,33.92,11.8,9.02,8.49,3.62,1.06,13.27,6.16,1.29
2005,2005-03-31,PUBLIC SECTOR BANKS,PUBLIC SECTOR BANKS,True,107.23,6.26,10.02,4.7,4.93,59.46,47.77,10.67,0.79,37.73,80.98,7.42,2.28,15.51,3.18,1.49,2.39,34.45,83.0,51.5,67.96,23.79,17.41,7.97,3.03,0.95,17.24,8.29,3.35
2005,2005-03-31,SMALL FINANCE BANKS,SMALL FINANCE BANKS,True,,,,,,,,,,,,,,,,,,,,,,,,,,,,,
2005,2005-03-31,STATE BANK OF INDIA AND ITS ASSOCIATES,STATE BANK OF INDIA AND ITS ASSOCIATES,True,107.87,4.99,7.72,4.96,5.07,56.31,51.56,8.92,0.67,39.05,80.63,7.49,2.28,9.74,3.27,1.61,2.6,32.33,79.1,52.03,67.43,23.64,16.89,7.49,2.42,0.95,18.76,8.39,3.32
2006,2006-03-31,ALL SCHEDULED COMMERICIAL BANKS,ALL SCHEDULED COMMERICIAL BANKS,True,110.1,6.67,9.38,4.48,4.9,70.07,40.03,12.86,0.93,38.61,77.7,7.21,2.3,19.17,3.04,1.38,2.12,33.81,80.04,55.92,56.52,20.11,15.16,8.19,3.29,1.01,14.77,7.65,2.74
2006,2006-03-31,FOREIGN BANKS,FOREIGN BANKS,True,131.83,7.13,5.74,3.16,3.82,85.77,46.05,3.93,0.27,50.53,57.06,6.96,3.32,21.8,4.05,3.04,3.77,26.87,57.67,48.04,34.25,18.22,11.35,8.54,4.71,2.08,14.18,8.3,4.47
2006,2006-03-31,NATIONALISED BANKS,NATIONALISED BANKS,True,105.86,7.57,10.49,4.45,4.86,68.01,37.85,14.87,1.07,38.21,81.64,7.17,2.07,18.61,2.92,1.0,1.86,36.18,82.15,52.66,65.42,21.42,16.56,8.13,3.27,0.89,14.65,7.83,2.97
2006,2006-03-31,PAYMENTS BANKS,PAYMENTS BANKS,True,,,,,,,,,,,,,,,,,,,,,,,,,,,,,
2006,2006-03-31,PRIVATE SECTOR BANKS,PRIVATE SECTOR BANKS,True,115.19,5.51,10.52,4.46,5.14,73.04,42.14,11.21,0.79,30.39,74.95,7.05,2.41,28.04,2.74,1.62,1.95,30.59,83.23,68.4,33.87,12.15,9.41,8.72,3.58,1.07,13.34,6.64,1.5
2006,2006-03-31,PUBLIC SECTOR BANKS,PUBLIC SECTOR BANKS,True,107.23,6.95,10.07,4.58,4.93,68.18,39.05,14.07,1.02,39.95,80.53,7.28,2.18,16.42,3.03,1.16,2.0,35.33,81.11,53.08,66.28,22.48,17.13,8.01,3.08,0.88,15.39,7.84,2.92
2006,2006-03-31,SMALL FINANCE BANKS,SMALL FINANCE BANKS,True,,,,,,,,,,,,,,,,,,,,,,,,,,,,,
2006,2006-03-31,STATE BANK OF INDIA AND ITS ASSOCIATES,STATE BANK OF INDIA AND ITS ASSOCIATES,True,109.96,5.72,9.05,4.83,5.06,68.52,41.44,12.64,0.95,43.4,78.4,7.48,2.39,12.45,3.22,1.44,2.28,33.64,79.05,53.9,67.67,24.35,18.13,7.77,2.72,0.87,16.92,7.86,2.81
2007,2007-03-31,ALL SCHEDULED COMMERICIAL BANKS,ALL SCHEDULED COMMERICIAL BANKS,True,108.72,7.24,10.11,4.93,5.37,73.46,35.26,10.05,0.75,36.58,77.95,7.42,2.12,19.72,2.86,1.38,2.11,33.08,79.61,57.9,54.51,17.32,13.16,8.93,3.57,1.05,15.51,7.19,1.82
2007,2007-03-31,FOREIGN BANKS,FOREIGN BANKS,True,131.22,8.06,6.38,3.59,4.3,83.81,47.41,3.91,0.3,45.1,54.94,7.57,3.27,21.22,4.36,2.97,4.06,27.44,54.34,51.47,39.78,20.08,12.34,9.78,5.48,2.28,15.98,8.61,4.32
2007,2007-03-31,NATIONALISED BANKS,NATIONALISED BANKS,True,103.68,7.16,11.63,4.96,5.35,70.39,33.29,11.74,0.88,35.43,83.26,7.49,1.84,19.13,2.8,0.96,1.92,34.69,82.67,54.91,63.56,17.94,13.87,8.79,3.44,0.94,15.97,7.49,2.14
2007,2007-03-31,PAYMENTS BANKS,PAYMENTS BANKS,True,,,,,,,,,,,,,,,,,,,,,,,,,,,,,
2007,2007-03-31,PRIVATE SECTOR BANKS,PRIVATE SECTOR BANKS,True,114.03,7.41,10.93,5.37,5.97,75.14,38.89,6.07,0.46,29.83,74.05,7.53,2.33,25.51,2.54,1.87,2.08,31.58,81.42,70.31,34.36,10.93,8.51,9.55,3.58,1.02,13.71,6.5,0.53
2007,2007-03-31,PUBLIC SECTOR BANKS,PUBLIC SECTOR BANKS,True,105.56,7.13,11.11,4.91,5.29,72.22,33.34,11.92,0.88,37.8,81.72,7.37,1.94,17.68,2.79,1.06,1.91,34.0,81.3,54.89,64.28,19.15,14.8,8.68,3.39,0.92,16.08,7.26,1.97
2007,2007-03-31,SMALL FINANCE BANKS,SMALL FINANCE BANKS,True,,,,,,,,,,,,,,,,,,,,,,,,,,,,,
2007,2007-03-31,STATE BANK OF INDIA AND ITS ASSOCIATES,STATE BANK OF INDIA AND ITS ASSOCIATES,True,109.58,7.08,10.18,4.81,5.17,76.13,33.45,12.28,0.88,42.89,78.61,7.14,2.13,14.58,2.79,1.26,1.91,32.64,78.59,54.84,65.49,21.55,16.65,8.47,3.3,0.86,16.31,6.81,1.64
2008,2008-03-31,ALL SCHEDULED COMMERICIAL BANKS,ALL SCHEDULED COMMERICIAL BANKS,True,110.07,9.73,10.43,5.97,6.34,74.61,35.46,5.48,0.43,35.73,76.74,7.92,1.99,20.94,2.58,1.55,2.15,31.55,76.8,58.02,51.7,14.01,10.83,9.92,3.58,1.12,15.98,7.33,0.99
2008,2008-03-31,FOREIGN BANKS,FOREIGN BANKS,True,136.03,11.51,6.27,4.2,4.7,84.29,51.74,-0.96,-0.07,44.7,52.5,7.65,3.24,16.2,4.33,3.32,4.4,29.58,45.56,48.9,40.38,19.95,11.94,10.93,6.23,2.09,16.05,8.24,3.54
2008,2008-03-31,NATIONALISED BANKS,NATIONALISED BANKS,True,103.55,9.22,12.06,5.99,6.31,71.65,31.91,6.09,0.48,32.99,83.54,7.83,1.63,17.53,2.28,1.15,1.8,33.16,79.96,55.62,61.9,14.05,11.22,9.51,3.2,1.01,17.09,7.32,1.01
2008,2008-03-31,PAYMENTS BANKS,PAYMENTS BANKS,True,,,,,,,,,,,,,,,,,,,,,,,,,,,,,
2008,2008-03-31,PRIVATE SECTOR BANKS,PRIVATE SECTOR BANKS,True,118.07,10.56,11.17,6.47,7.0,76.8,41.27,4.59,0.39,32.83,71.8,8.42,2.4,30.3,2.67,2.02,2.28,29.27,79.22,69.66,35.1,10.35,8.08,11.01,4.01,1.13,13.43,7.22,0.22
2008,2008-03-31,PUBLIC SECTOR BANKS,PUBLIC SECTOR BANKS,True,105.84,9.36,11.64,5.97,6.3,73.25,32.6,6.51,0.51,35.82,81.2,7.8,1.71,18.27,2.35,1.2,1.84,32.38,78.9,55.48,61.42,14.66,11.66,9.52,3.22,1.0,17.13,7.25,0.95
2008,2008-03-31,SMALL FINANCE BANKS,SMALL FINANCE BANKS,True,,,,,,,,,,,,,,,,,,,,,,,,,,,,,
2008,2008-03-31,STATE BANK OF INDIA AND ITS ASSOCIATES,STATE BANK OF INDIA AND ITS ASSOCIATES,True,110.81,9.65,11.02,5.91,6.29,76.72,34.09,7.35,0.57,41.97,76.55,7.75,1.87,19.78,2.49,1.3,1.92,30.82,76.74,55.19,60.58,15.89,12.52,9.55,3.26,0.97,17.21,7.11,0.82
2009,2009-03-31,ALL SCHEDULED COMMERICIAL BANKS,ALL SCHEDULED COMMERICIAL BANKS,True,109.51,7.32,8.51,6.24,6.45,73.83,35.68,3.7,0.3,33.15,77.56,8.12,1.87,19.44,2.62,1.57,2.32,30.3,78.59,57.51,53.55,13.6,10.35,10.5,4.04,1.13,15.44,7.01,0.55
2009,2009-03-31,FOREIGN BANKS,FOREIGN BANKS,True,138.15,7.31,5.2,4.58,4.74,77.25,60.89,-8.56,-0.64,41.73,48.09,7.49,3.04,23.27,4.33,3.68,4.97,30.62,48.2,48.14,39.71,19.44,10.8,12.61,7.87,1.99,13.75,7.63,2.89
2009,2009-03-31,NATIONALISED BANKS,NATIONALISED BANKS,True,103.28,7.13,9.96,6.31,6.53,72.17,31.11,4.91,0.4,29.85,84.71,8.18,1.58,16.49,2.32,1.17,1.92,30.87,80.74,55.95,62.78,13.31,10.57,10.17,3.65,1.03,18.05,7.05,0.52
2009,2009-03-31,PAYMENTS BANKS,PAYMENTS BANKS,True,,,,,,,,,,,,,,,,,,,,,,,,,,,,,
2009,2009-03-31,PRIVATE SECTOR BANKS,PRIVATE SECTOR BANKS,True,119.76,7.81,9.19,6.6,6.96,78.13,41.63,4.61,0.4,32.74,71.65,8.65,2.21,28.83,2.86,1.82,2.46,30.76,78.89,71.19,39.15,10.83,8.28,11.41,4.45,1.13,11.38,6.93,-0.03
2009,2009-03-31,PUBLIC SECTOR BANKS,PUBLIC SECTOR BANKS,True,105.11,7.2,9.23,6.26,6.47,72.58,32.53,4.77,0.38,32.66,82.66,8.05,1.64,16.11,2.35,1.25,1.96,30.16,80.73,54.71,62.27,13.88,10.95,10.08,3.61,1.03,17.94,6.95,0.48
2009,2009-03-31,SMALL FINANCE BANKS,SMALL FINANCE BANKS,True,,,,,,,,,,,,,,,,,,,,,,,,,,,,,
2009,2009-03-31,STATE BANK OF INDIA AND ITS ASSOCIATES,STATE BANK OF INDIA AND ITS ASSOCIATES,True,108.94,7.36,8.15,6.17,6.34,73.43,35.51,4.5,0.35,38.55,78.67,7.79,1.75,15.41,2.39,1.4,2.04,28.7,80.73,52.17,61.39,15.06,11.71,9.89,3.55,1.02,17.74,6.77,0.43
2010,2010-03-31,ALL SCHEDULED COMMERICIAL BANKS,ALL SCHEDULED COMMERICIAL BANKS,True,110.09,7.71,6.02,5.49,5.54,73.66,36.42,5.0,0.37,35.42,78.76,7.37,1.78,21.12,2.54,1.41,2.17,31.22,78.26,56.47,55.23,14.85,11.17,9.29,3.75,1.05,14.31,6.54,1.0
2010,2010-03-31,FOREIGN BANKS,FOREIGN BANKS,True,138.97,8.23,2.76,3.1,3.02,70.34,68.63,4.36,0.26,45.1,53.31,5.99,2.52,26.24,3.96,2.26,3.7,33.93,50.72,42.21,42.39,23.48,12.95,9.99,6.97,1.26,7.34,6.39,3.37
2010,2010-03-31,NATIONALISED BANKS,NATIONALISED BANKS,True,103.38,7.31,7.7,5.64,5.78,71.33,32.05,4.95,0.37,30.28,85.32,7.55,1.48,16.19,2.26,1.11,1.89,31.56,79.49,54.9,62.42,13.65,10.68,9.18,3.4,1.0,18.3,6.81,1.03
2010,2010-03-31,PAYMENTS BANKS,PAYMENTS BANKS,True,,,,,,,,,,,,,,,,,,,,,,,,,,,,,
2010,2010-03-31,PRIVATE SECTOR BANKS,PRIVATE SECTOR BANKS,True,119.9,9.22,6.58,5.36,5.55,76.86,43.04,2.93,0.22,38.99,71.5,7.6,2.1,31.85,2.9,1.87,2.68,31.9,78.69,70.56,41.25,12.73,9.13,9.89,4.34,1.28,11.94,6.23,0.69
2010,2010-03-31,PUBLIC SECTOR BANKS,PUBLIC SECTOR BANKS,True,106.08,7.34,6.57,5.68,5.75,73.16,32.93,5.62,0.42,34.01,83.14,7.46,1.61,17.32,2.29,1.19,1.87,30.89,79.82,54.03,62.23,14.79,11.59,9.1,3.35,0.97,17.47,6.65,0.9
2010,2010-03-31,SMALL FINANCE BANKS,SMALL FINANCE BANKS,True,,,,,,,,,,,,,,,,,,,,,,,,,,,,,
2010,2010-03-31,STATE BANK OF INDIA AND ITS ASSOCIATES,STATE BANK OF INDIA AND ITS ASSOCIATES,True,112.39,7.41,4.82,5.75,5.66,77.43,34.97,7.03,0.51,42.73,78.46,7.28,1.88,19.74,2.36,1.37,1.84,29.45,80.55,52.16,61.91,17.1,13.45,8.93,3.26,0.91,15.92,6.33,0.66
2011,2011-03-31,ALL SCHEDULED COMMERICIAL BANKS,ALL SCHEDULED COMMERICIAL BANKS,True,110.78,8.17,6.53,5.01,5.17,76.52,34.25,8.81,0.66,35.5,78.18,7.44,1.86,24.53,2.91,1.21,2.26,30.62,79.1,55.28,59.02,17.22,12.72,9.18,4.01,1.1,14.96,6.79,1.63
2011,2011-03-31,FOREIGN BANKS,FOREIGN BANKS,True,150.0,8.43,3.52,3.3,3.35,81.24,68.77,5.46,0.34,46.76,49.0,6.15,2.71,32.35,3.86,2.38,3.52,32.69,46.57,40.5,42.99,23.3,13.68,8.75,5.4,1.75,10.28,7.39,4.04
2011,2011-03-31,NATIONALISED BANKS,NATIONALISED BANKS,True,104.29,7.46,7.91,5.13,5.33,73.89,30.4,9.79,0.75,29.82,84.59,7.62,1.6,19.28,2.74,0.85,1.99,29.92,80.18,54.39,66.44,16.41,12.54,9.21,3.87,1.03,18.19,6.83,1.5
2011,2011-03-31,PAYMENTS BANKS,PAYMENTS BANKS,True,,,,,,,,,,,,,,,,,,,,,,,,,,,,,
2011,2011-03-31,PRIVATE SECTOR BANKS,PRIVATE SECTOR BANKS,True,121.62,8.59,7.0,4.97,5.29,79.53,42.09,6.96,0.53,38.7,71.72,7.59,2.17,37.83,3.1,1.64,2.58,30.38,80.42,67.76,44.61,14.53,10.47,9.65,4.36,1.43,13.7,6.53,1.24
2011,2011-03-31,PUBLIC SECTOR BANKS,PUBLIC SECTOR BANKS,True,106.13,8.06,6.99,5.12,5.27,75.57,30.56,9.56,0.72,34.15,82.59,7.52,1.7,19.36,2.77,0.99,2.05,30.56,80.71,53.15,66.25,17.5,13.27,9.09,3.83,0.96,16.9,6.8,1.53
2011,2011-03-31,SMALL FINANCE BANKS,SMALL FINANCE BANKS,True,,,,,,,,,,,,,,,,,,,,,,,,,,,,,
2011,2011-03-31,STATE BANK OF INDIA AND ITS ASSOCIATES,STATE BANK OF INDIA AND ITS ASSOCIATES,True,110.75,9.57,5.43,5.09,5.12,79.8,30.96,9.02,0.66,45.01,77.98,7.3,1.94,19.57,2.84,1.28,2.19,32.03,81.92,50.28,65.9,19.97,14.88,8.84,3.72,0.79,14.11,6.72,1.6
2012,2012-03-31,ALL SCHEDULED COMMERICIAL BANKS,ALL SCHEDULED COMMERICIAL BANKS,True,113.23,5.79,6.73,6.28,6.33,78.62,34.62,7.82,0.66,33.46,77.56,8.45,1.77,22.2,2.9,1.11,2.24,28.99,81.34,54.69,56.69,13.73,10.52,10.42,4.08,1.08,14.6,7.52,1.18
2012,2012-03-31,FOREIGN BANKS,FOREIGN BANKS,True,155.44,8.37,3.52,4.34,4.1,82.99,72.45,6.78,0.45,44.03,47.08,6.67,2.47,31.39,3.89,2.02,3.44,31.55,49.04,40.47,43.22,20.35,12.29,9.61,5.51,1.76,10.79,8.02,3.92
2012,2012-03-31,NATIONALISED BANKS,NATIONALISED BANKS,True,106.07,5.59,7.46,6.51,6.58,75.77,30.3,7.3,0.63,28.5,84.27,8.57,1.44,17.05,2.55,0.82,1.92,28.32,82.54,53.98,63.13,12.21,9.71,10.32,3.74,0.88,15.05,7.43,0.85
2012,2012-03-31,PAYMENTS BANKS,PAYMENTS BANKS,True,,,,,,,,,,,,,,,,,,,,,,,,,,,,,
2012,2012-03-31,PRIVATE SECTOR BANKS,PRIVATE SECTOR BANKS,True,127.06,6.01,7.54,6.43,6.62,82.28,44.78,6.68,0.58,37.36,69.38,8.71,2.2,34.06,3.09,1.62,2.51,29.08,83.92,66.54,43.37,12.22,9.25,11.06,4.44,1.53,15.25,7.26,0.64
2012,2012-03-31,PUBLIC SECTOR BANKS,PUBLIC SECTOR BANKS,True,107.65,5.6,7.1,6.36,6.42,77.51,30.13,8.21,0.7,31.96,82.82,8.55,1.59,16.83,2.76,0.89,2.05,28.82,82.62,52.58,63.71,13.72,10.74,10.31,3.89,0.88,15.33,7.54,1.12
2012,2012-03-31,SMALL FINANCE BANKS,SMALL FINANCE BANKS,True,,,,,,,,,,,,,,,,,,,,,,,,,,,,,
2012,2012-03-31,STATE BANK OF INDIA AND ITS ASSOCIATES,STATE BANK OF INDIA AND ITS ASSOCIATES,True,111.69,5.63,6.44,5.97,6.02,81.99,29.7,10.38,0.88,40.8,79.32,8.52,1.94,16.26,3.25,1.06,2.36,30.02,82.8,49.25,64.74,17.43,13.13,10.27,4.25,0.89,16.0,7.8,1.78
2013,2013-03-31,ALL SCHEDULED COMMERICIAL BANKS,ALL SCHEDULED COMMERICIAL BANKS,True,114.31,5.05,6.22,6.57,6.53,79.14,35.17,7.71,0.66,33.28,77.47,8.53,1.75,23.55,2.79,1.09,2.13,27.92,84.34,53.78,55.77,13.03,10.14,10.33,3.8,1.04,13.84,7.57,1.04
2013,2013-03-31,FOREIGN BANKS,FOREIGN BANKS,True,170.66,7.44,4.06,4.67,4.47,91.51,79.15,7.29,0.5,40.61,45.17,6.89,2.33,26.69,3.83,1.83,3.33,29.37,47.64,39.15,42.08,18.22,11.26,9.55,5.08,1.92,11.53,8.13,3.67
2013,2013-03-31,NATIONALISED BANKS,NATIONALISED BANKS,True,106.12,4.6,6.4,6.74,6.71,74.96,31.16,7.08,0.6,28.55,84.29,8.53,1.41,18.69,2.39,0.81,1.79,28.33,87.58,53.59,63.16,11.81,9.54,10.16,3.45,0.74,12.34,7.42,0.71
2013,2013-03-31,PAYMENTS BANKS,PAYMENTS BANKS,True,,,,,,,,,,,,,,,,,,,,,,,,,,,,,
2013,2013-03-31,PRIVATE SECTOR BANKS,PRIVATE SECTOR BANKS,True,126.75,5.33,7.42,6.72,6.85,81.9,44.84,6.43,0.58,37.05,70.15,9.04,2.2,34.78,3.22,1.62,2.64,27.28,84.02,64.22,42.34,11.61,8.73,11.52,4.68,1.63,16.46,7.28,0.43
2013,2013-03-31,PUBLIC SECTOR BANKS,PUBLIC SECTOR BANKS,True,108.46,4.86,6.15,6.63,6.59,77.85,30.62,8.13,0.69,31.99,82.53,8.54,1.57,19.15,2.57,0.87,1.87,28.0,86.59,51.97,63.03,13.11,10.5,10.08,3.49,0.8,13.24,7.6,1.01
2013,2013-03-31,SMALL FINANCE BANKS,SMALL FINANCE BANKS,True,,,,,,,,,,,,,,,,,,,,,,,,,,,,,
2013,2013-03-31,STATE BANK OF INDIA AND ITS ASSOCIATES,STATE BANK OF INDIA AND ITS ASSOCIATES,True,114.44,5.52,5.69,6.37,6.3,85.22,29.22,10.64,0.91,40.76,78.35,8.54,1.94,20.38,2.98,1.03,2.07,27.26,84.37,48.34,62.81,16.25,12.72,9.9,3.6,0.93,15.29,8.08,1.78
2014,2014-03-31,ALL SCHEDULED COMMERICIAL BANKS,ALL SCHEDULED COMMERICIAL BANKS,True,112.72,5.53,6.34,6.39,6.39,78.93,33.79,7.99,0.66,32.43,77.74,8.32,1.77,23.59,2.7,1.11,2.04,28.43,84.62,53.92,55.31,13.28,10.41,9.98,3.6,0.81,10.69,7.58,1.19
2014,2014-03-31,FOREIGN BANKS,FOREIGN BANKS,True,156.5,6.94,4.0,4.78,4.53,82.6,73.9,4.02,0.27,35.06,47.07,6.6,2.21,18.82,3.54,1.95,3.28,29.39,43.62,41.73,40.92,17.18,10.59,9.38,4.85,1.54,9.03,7.34,2.81
2014,2014-03-31,NATIONALISED BANKS,NATIONALISED BANKS,True,104.78,4.93,6.76,6.53,6.54,74.29,30.49,7.55,0.62,27.43,84.26,8.27,1.43,20.55,2.28,0.8,1.65,29.57,87.82,52.55,62.01,11.94,9.77,9.78,3.23,0.45,7.78,7.45,0.9
2014,2014-03-31,PAYMENTS BANKS,PAYMENTS BANKS,True,,,,,,,,,,,,,,,,,,,,,,,,,,,,,
2014,2014-03-31,PRIVATE SECTOR BANKS,PRIVATE SECTOR BANKS,True,125.13,6.2,7.4,6.4,6.58,84.37,40.76,5.84,0.52,37.67,70.47,8.9,2.19,35.15,3.31,1.67,2.79,28.04,84.18,63.79,41.5,11.68,8.6,11.24,4.66,1.65,16.22,7.32,0.74
2014,2014-03-31,PUBLIC SECTOR BANKS,PUBLIC SECTOR BANKS,True,107.38,5.29,6.36,6.47,6.46,77.42,29.96,8.94,0.74,31.02,82.69,8.31,1.62,20.43,2.45,0.87,1.71,28.48,87.07,52.02,62.47,13.5,10.99,9.69,3.23,0.5,8.48,7.69,1.23
2014,2014-03-31,SMALL FINANCE BANKS,SMALL FINANCE BANKS,True,,,,,,,,,,,,,,,,,,,,,,,,,,,,,
2014,2014-03-31,STATE BANK OF INDIA AND ITS ASSOCIATES,STATE BANK OF INDIA AND ITS ASSOCIATES,True,114.15,6.22,5.63,6.34,6.26,85.57,28.58,12.22,1.03,40.35,78.86,8.4,2.06,20.07,2.87,1.04,1.85,26.0,85.38,50.81,63.23,17.18,13.82,9.51,3.24,0.63,10.03,8.37,2.11
2015,2015-03-31,ALL SCHEDULED COMMERICIAL BANKS,ALL SCHEDULED COMMERICIAL BANKS,True,109.88,5.6,5.95,6.35,6.3,78.32,31.56,7.48,0.61,32.58,78.37,8.18,1.76,17.84,2.64,1.15,2.03,28.89,84.35,55.09,54.39,13.13,10.28,9.78,3.48,0.81,10.42,7.54,1.24
2015,2015-03-31,FOREIGN BANKS,FOREIGN BANKS,True,143.16,5.97,4.87,4.61,4.68,80.85,62.31,2.61,0.17,34.65,53.67,6.71,2.17,11.52,3.54,1.99,3.36,27.3,43.66,39.82,42.68,17.32,10.62,9.27,4.59,1.84,10.24,7.73,3.05
2015,2015-03-31,NATIONALISED BANKS,NATIONALISED BANKS,True,101.88,4.83,6.47,6.49,6.49,73.77,28.12,7.66,0.62,27.64,84.89,8.09,1.44,14.41,2.15,0.82,1.53,31.02,89.22,53.12,60.9,11.87,9.83,9.57,3.08,0.37,6.44,7.49,1.0
2015,2015-03-31,PAYMENTS BANKS,PAYMENTS BANKS,True,,,,,,,,,,,,,,,,,,,,,,,,,,,,,
2015,2015-03-31,PRIVATE SECTOR BANKS,PRIVATE SECTOR BANKS,True,122.79,6.08,6.41,6.39,6.39,86.36,36.42,5.75,0.51,38.34,70.47,8.81,2.23,26.15,3.37,1.72,2.86,27.77,83.0,67.07,41.27,11.99,8.73,10.9,4.51,1.68,15.74,7.16,0.77
2015,2015-03-31,PUBLIC SECTOR BANKS,PUBLIC SECTOR BANKS,True,104.71,5.46,5.9,6.43,6.39,76.12,28.59,8.4,0.68,30.99,82.89,8.12,1.59,15.92,2.35,0.91,1.66,29.31,87.18,52.53,61.2,13.21,10.77,9.5,3.12,0.46,7.76,7.64,1.25
2015,2015-03-31,SMALL FINANCE BANKS,SMALL FINANCE BANKS,True,,,,,,,,,,,,,,,,,,,,,,,,,,,,,
2015,2015-03-31,STATE BANK OF INDIA AND ITS ASSOCIATES,STATE BANK OF INDIA AND ITS ASSOCIATES,True,111.86,7.06,4.9,6.28,6.13,82.07,29.79,10.12,0.83,39.46,78.25,8.21,1.95,19.52,2.81,1.12,1.98,25.43,82.54,51.21,61.71,16.4,12.91,9.35,3.22,0.66,10.56,8.0,1.87
2016,2016-03-31,ALL SCHEDULED COMMERICIAL BANKS,ALL SCHEDULED COMMERICIAL BANKS,True,111.21,5.59,5.5,6.09,6.02,78.24,32.97,8.21,0.65,34.19,76.87,7.88,1.79,18.59,2.58,1.15,1.94,30.34,83.07,55.84,53.01,13.4,10.53,9.35,3.33,0.4,3.58,7.68,1.66
2016,2016-03-31,FOREIGN BANKS,FOREIGN BANKS,True,140.54,5.18,4.0,4.46,4.36,79.24,61.3,7.01,0.47,34.87,56.33,6.67,2.07,14.61,3.59,1.6,3.13,27.34,42.36,38.18,42.48,17.07,10.61,8.95,4.6,1.45,8.0,7.28,2.92
2016,2016-03-31,NATIONALISED BANKS,NATIONALISED BANKS,True,100.4,4.93,6.53,6.19,6.22,71.38,29.02,9.45,0.73,29.29,84.52,7.75,1.52,16.71,2.06,0.79,1.32,33.71,89.24,52.27,59.56,12.56,10.62,9.13,2.92,-0.3,-8.51,7.73,1.51
2016,2016-03-31,PAYMENTS BANKS,PAYMENTS BANKS,True,,,,,,,,,,,,,,,,,,,,,,,,,,,,,
2016,2016-03-31,PRIVATE SECTOR BANKS,PRIVATE SECTOR BANKS,True,127.48,5.67,6.27,6.08,6.11,90.3,37.18,5.67,0.49,39.31,68.25,8.63,2.22,23.83,3.41,1.73,2.92,28.83,80.54,68.58,40.59,12.11,8.69,10.46,4.35,1.5,13.81,7.49,1.37
2016,2016-03-31,PUBLIC SECTOR BANKS,PUBLIC SECTOR BANKS,True,104.75,5.59,5.27,6.19,6.11,74.72,30.03,9.21,0.71,32.68,81.65,7.74,1.63,17.23,2.23,0.92,1.51,31.05,86.59,52.58,59.61,13.6,11.23,9.02,2.92,-0.07,-3.47,7.8,1.7
2016,2016-03-31,SMALL FINANCE BANKS,SMALL FINANCE BANKS,True,,,,,,,,,,,,,,,,,,,,,,,,,,,,,
2016,2016-03-31,STATE BANK OF INDIA AND ITS ASSOCIATES,STATE BANK OF INDIA AND ITS ASSOCIATES,True,114.94,7.14,3.47,6.18,5.85,82.54,32.4,8.68,0.67,40.6,75.65,7.72,1.87,18.3,2.6,1.2,1.93,25.69,81.24,53.2,59.71,15.97,12.52,8.79,2.94,0.42,6.78,7.97,2.12
2017,2017-03-31,ALL SCHEDULED COMMERICIAL BANKS,ALL SCHEDULED COMMERICIAL BANKS,True,105.91,6.12,5.44,5.61,5.59,73.04,32.87,5.45,0.4,38.68,78.39,7.41,1.82,19.92,2.51,1.42,2.11,31.16,82.92,56.21,51.35,13.9,10.58,8.86,3.27,0.36,4.16,7.44,1.85
2017,2017-03-31,FOREIGN BANKS,FOREIGN BANKS,True,122.88,8.04,4.26,4.24,4.24,71.39,51.5,2.04,0.13,37.63,56.45,6.27,2.06,16.45,3.38,1.93,3.25,28.93,45.15,36.95,40.49,16.81,10.15,8.77,4.53,1.61,9.12,6.83,2.58
2017,2017-03-31,NATIONALISED BANKS,NATIONALISED BANKS,True,96.53,5.89,6.39,5.67,5.72,67.17,29.37,5.67,0.41,34.39,85.64,7.23,1.54,15.81,1.99,1.13,1.58,35.66,88.0,50.87,58.45,13.24,10.74,8.51,2.78,-0.14,-2.81,7.61,1.89
2017,2017-03-31,PAYMENTS BANKS,PAYMENTS BANKS,True,,,,,,,,,,,,,,,,,,,,,,,,,,,,,
2017,2017-03-31,PRIVATE SECTOR BANKS,PRIVATE SECTOR BANKS,True,119.87,6.18,6.56,5.59,5.76,86.53,33.34,4.42,0.37,43.06,71.22,8.27,2.25,26.66,3.38,1.88,3.02,28.86,79.65,67.96,39.35,12.39,8.71,9.99,4.23,1.3,11.87,7.49,1.73
2017,2017-03-31,PUBLIC SECTOR BANKS,PUBLIC SECTOR BANKS,True,100.44,6.0,4.8,5.7,5.62,68.81,31.63,6.09,0.44,37.36,82.95,7.2,1.64,18.0,2.12,1.2,1.68,32.15,86.51,52.64,58.36,14.26,11.41,8.44,2.82,-0.1,-2.05,7.49,1.87
2017,2017-03-31,SMALL FINANCE BANKS,SMALL FINANCE BANKS,True,226.55,9.3,8.64,4.04,6.49,164.37,62.17,27.13,2.73,29.59,35.93,10.07,4.85,2.79,5.08,2.12,2.35,84.75,61.13,85.98,61.36,30.24,24.41,14.92,8.43,1.13,5.41,4.26,-2.23
2017,2017-03-31,STATE BANK OF INDIA AND ITS ASSOCIATES,STATE BANK OF INDIA AND ITS ASSOCIATES,True,108.73,6.22,2.89,5.76,5.4,72.29,36.44,6.94,0.49,43.68,77.78,7.13,1.85,21.75,2.39,1.36,1.9,25.21,83.56,56.12,58.22,16.38,12.72,8.29,2.89,-0.02,-0.69,7.26,1.86
2018,2018-03-31,ALL SCHEDULED COMMERICIAL BANKS,ALL SCHEDULED COMMERICIAL BANKS,True,109.14,6.19,5.29,5.02,5.05,74.16,34.99,7.42,0.52,40.0,77.32,6.95,1.85,19.98,2.5,1.33,1.99,30.82,80.64,57.08,48.82,14.33,10.89,8.31,3.25,-0.15,-2.81,7.0,1.94
2018,2018-03-31,FOREIGN BANKS,FOREIGN BANKS,True,134.09,8.09,2.96,3.85,3.7,70.93,63.16,9.59,0.57,40.58,56.91,5.96,2.13,19.36,3.43,1.55,2.86,27.6,43.29,37.67,38.18,17.44,10.8,8.12,4.42,1.34,7.16,6.61,2.91
2018,2018-03-31,NATIONALISED BANKS,NATIONALISED BANKS,True,,,,,,,,,,,,,,,,,,,,,,,,,,,,,
2018,2018-03-31,PAYMENTS BANKS,PAYMENTS BANKS,True,,,,,,,,,,,,,,,,,,,,,,,,,,,,,
2018,2018-03-31,PRIVATE SECTOR BANKS,PRIVATE SECTOR BANKS,True,121.93,7.97,6.23,4.94,5.16,88.36,33.57,6.45,0.5,43.5,70.1,7.73,2.19,25.73,3.32,1.69,2.82,27.01,76.61,66.88,37.3,12.38,8.67,9.45,4.29,1.14,10.12,6.92,1.76
2018,2018-03-31,PUBLIC SECTOR BANKS,PUBLIC SECTOR BANKS,True,102.75,5.43,4.72,5.12,5.08,68.96,33.79,7.49,0.5,38.73,82.33,6.68,1.66,17.97,2.08,1.16,1.57,32.64,84.95,53.51,55.92,14.83,11.85,7.77,2.68,-0.84,-14.62,7.06,1.98
2018,2018-03-31,SMALL FINANCE BANKS,SMALL FINANCE BANKS,True,194.26,6.58,15.74,5.44,10.28,151.03,43.23,32.51,5.98,22.73,44.71,18.4,8.64,19.55,10.05,2.66,4.07,57.41,58.84,88.47,56.78,28.87,23.29,22.88,12.6,0.73,6.34,8.36,-1.92
2018,2018-03-31,STATE BANK OF INDIA AND ITS ASSOCIATES,STATE BANK OF INDIA AND ITS ASSOCIATES,True,,,,,,,,,,,,,,,,,,,,,,,,,,,,,
2019,2019-03-31,ALL SCHEDULED COMMERICIAL BANKS,ALL SCHEDULED COMMERICIAL BANKS,True,108.63,5.42,5.54,5.0,5.06,75.09,33.54,10.92,0.78,40.01,77.63,7.16,1.93,20.94,2.7,1.15,1.91,31.83,78.87,59.05,48.67,14.69,11.3,8.69,3.63,-0.09,-1.85,7.06,2.0
2019,2019-03-31,FOREIGN BANKS,FOREIGN BANKS,True,134.22,5.79,2.93,3.79,3.61,68.26,65.97,7.86,0.45,39.81,55.02,5.77,1.94,20.26,3.23,1.49,2.78,27.08,44.87,35.48,35.94,15.56,9.61,8.15,4.54,1.56,8.77,6.23,2.62
2019,2019-03-31,NATIONALISED BANKS,NATIONALISED BANKS,True,,,,,,,,,,,,,,,,,,,,,,,,,,,,,
2019,2019-03-31,PAYMENTS BANKS,PAYMENTS BANKS,True,,,,,,,,,,,,,,,,,,,,,,,,,,,,,
2019,2019-03-31,PRIVATE SECTOR BANKS,PRIVATE SECTOR BANKS,True,120.67,5.48,6.64,5.14,5.4,88.26,32.41,9.11,0.72,41.46,71.16,7.91,2.2,23.69,3.26,1.48,2.54,30.21,76.2,68.06,35.87,11.51,8.39,9.78,4.37,0.63,5.45,6.99,1.58
2019,2019-03-31,PUBLIC SECTOR BANKS,PUBLIC SECTOR BANKS,True,101.28,5.37,4.81,5.01,4.99,69.44,31.84,11.93,0.82,39.5,83.5,6.87,1.77,19.79,2.33,0.95,1.51,32.7,82.86,55.23,57.96,16.22,13.09,8.07,3.07,-0.65,-11.44,7.2,2.21
2019,2019-03-31,SMALL FINANCE BANKS,SMALL FINANCE BANKS,True,151.32,4.73,9.79,7.03,8.02,120.91,30.41,30.82,4.41,18.71,58.89,14.33,6.21,22.2,7.62,1.8,3.2,68.32,59.5,90.86,50.64,24.35,19.52,17.77,9.75,1.59,12.59,7.55,-0.47
2019,2019-03-31,STATE BANK OF INDIA AND ITS ASSOCIATES,STATE BANK OF INDIA AND ITS ASSOCIATES,True,,,,,,,,,,,,,,,,,,,,,,,,,,,,,
2020,2020-03-31,ALL SCHEDULED COMMERICIAL BANKS,ALL SCHEDULED COMMERICIAL BANKS,True,107.28,5.48,5.36,5.0,5.04,73.72,33.56,9.15,0.66,40.32,77.58,7.22,2.01,18.7,2.81,1.35,2.15,31.69,77.43,61.69,50.24,15.76,11.81,8.94,3.9,0.15,0.78,6.81,1.77
2020,2020-03-31,FOREIGN BANKS,FOREIGN BANKS,True,125.59,7.49,4.07,3.65,3.73,62.56,63.03,7.55,0.43,42.07,54.09,5.74,1.86,15.94,3.26,1.43,2.83,27.08,42.24,37.63,36.5,15.63,9.47,8.45,4.72,1.55,8.76,6.71,2.98
2020,2020-03-31,NATIONALISED BANKS,NATIONALISED BANKS,True,,,,,,,,,,,,,,,,,,,,,,,,,,,,,
2020,2020-03-31,PAYMENTS BANKS,PAYMENTS BANKS,True,81.2,3.82,,1.58,1.59,,81.2,1045.79,29.08,100.0,51.97,2.78,29.63,,1.95,0.55,-27.13,,,,54.21,52.74,482.6,,,-25.39,-58.19,3.49,1.9
2020,2020-03-31,PRIVATE SECTOR BANKS,PRIVATE SECTOR BANKS,True,118.25,6.55,6.17,5.26,5.41,87.16,31.09,6.53,0.53,41.36,71.31,8.07,2.28,18.25,3.43,1.75,2.9,30.92,74.67,69.78,37.39,12.31,8.67,10.11,4.7,0.51,3.3,6.59,1.18
2020,2020-03-31,PUBLIC SECTOR BANKS,PUBLIC SECTOR BANKS,True,100.56,4.83,4.56,4.96,4.92,68.06,32.5,10.42,0.71,39.93,83.92,6.84,1.84,19.34,2.37,1.13,1.66,31.87,81.85,58.15,60.11,17.53,13.88,8.16,3.24,-0.23,-4.16,6.92,1.99
2020,2020-03-31,SMALL FINANCE BANKS,SMALL FINANCE BANKS,True,139.12,6.13,9.84,8.2,8.66,109.78,29.34,28.8,4.51,15.35,62.14,15.67,6.61,14.28,8.34,2.1,3.83,71.81,53.45,92.37,53.29,25.27,19.83,19.87,11.21,1.71,15.0,7.52,-1.14
2020,2020-03-31,STATE BANK OF INDIA AND ITS ASSOCIATES,STATE BANK OF INDIA AND ITS ASSOCIATES,True,,,,,,,,,,,,,,,,,,,,,,,,,,,,,
2021,2021-03-31,ALL SCHEDULED COMMERICIAL BANKS,ALL SCHEDULED COMMERICIAL BANKS,True,104.12,6.08,4.89,4.18,4.25,69.36,34.76,10.57,0.7,42.61,79.58,6.61,1.94,18.33,2.91,1.25,2.21,33.27,77.42,61.58,51.3,17.68,12.7,8.15,3.9,0.66,7.73,6.44,2.2
2021,2021-03-31,FOREIGN BANKS,FOREIGN BANKS,True,114.71,14.26,3.25,2.4,2.52,54.21,60.51,8.89,0.44,41.8,61.58,5.0,1.75,17.72,3.31,1.31,2.86,29.3,44.34,42.9,35.33,17.98,9.82,7.08,4.56,1.56,9.2,6.04,3.52
2021,2021-03-31,NATIONALISED BANKS,NATIONALISED BANKS,True,,,,,,,,,,,,,,,,,,,,,,,,,,,,,
2021,2021-03-31,PAYMENTS BANKS,PAYMENTS BANKS,True,94.9,7.7,5.28,2.96,3.09,0.01,94.89,345.23,12.16,100.0,62.44,3.52,43.76,0.03,1.58,31.6,-10.58,,,100.0,31.81,30.46,39.63,9.26,6.18,-7.24,-51.33,3.97,0.89
2021,2021-03-31,PRIVATE SECTOR BANKS,PRIVATE SECTOR BANKS,True,113.58,6.06,5.56,4.3,4.48,82.02,31.57,8.83,0.65,44.62,74.61,7.38,2.13,18.24,3.58,1.48,2.93,31.98,74.68,67.78,38.54,13.86,9.28,9.13,4.66,1.17,10.33,6.19,1.71
2021,2021-03-31,PUBLIC SECTOR BANKS,PUBLIC SECTOR BANKS,True,98.46,5.45,4.31,4.23,4.24,64.11,34.35,11.41,0.72,41.89,84.41,6.28,1.81,18.53,2.45,1.09,1.73,33.77,81.62,58.46,61.13,19.61,15.01,7.49,3.25,0.28,4.67,6.61,2.37
2021,2021-03-31,SMALL FINANCE BANKS,SMALL FINANCE BANKS,True,127.22,6.32,8.83,6.84,7.3,99.21,28.01,23.84,3.14,23.9,66.93,13.18,5.1,11.47,7.02,1.95,3.88,65.7,59.15,91.66,57.01,25.82,19.2,17.15,9.85,1.36,11.2,6.83,-0.48
2021,2021-03-31,STATE BANK OF INDIA AND ITS ASSOCIATES,STATE BANK OF INDIA AND ITS ASSOCIATES,True,,,,,,,,,,,,,,,,,,,,,,,,,,,,,
2022,2022-03-31,ALL SCHEDULED COMMERICIAL BANKS,ALL SCHEDULED COMMERICIAL BANKS,True,104.64,8.77,4.64,3.62,3.71,71.0,33.64,13.49,0.83,43.68,79.27,6.15,2.02,17.87,2.92,1.19,2.09,33.7,74.97,61.84,49.69,19.11,13.67,7.57,3.85,0.91,10.15,5.96,2.24
2022,2022-03-31,FOREIGN BANKS,FOREIGN BANKS,True,114.78,17.1,3.65,2.13,2.32,55.06,59.73,17.21,0.86,43.86,61.51,5.0,1.9,21.19,3.37,1.04,2.51,27.57,42.25,42.83,36.76,19.76,11.55,6.98,4.66,1.41,8.03,5.68,3.36
2022,2022-03-31,NATIONALISED BANKS,NATIONALISED BANKS,True,,,,,,,,,,,,,,,,,,,,,,,,,,,,,
2022,2022-03-31,PAYMENTS BANKS,PAYMENTS BANKS,True,126.95,19.53,2.81,2.87,2.87,0.02,126.93,84.44,3.49,100.0,44.61,4.13,45.16,0.14,2.69,41.67,-0.8,,,100.0,16.15,15.65,15.92,5.23,2.36,-0.34,-7.63,5.09,2.22
2022,2022-03-31,PRIVATE SECTOR BANKS,PRIVATE SECTOR BANKS,True,113.11,10.54,5.19,3.67,3.85,83.33,29.77,11.74,0.8,46.34,74.12,6.83,2.27,16.95,3.58,1.47,2.78,34.37,73.72,66.64,37.58,15.45,10.28,8.47,4.62,1.45,12.2,5.79,1.94
2022,2022-03-31,PUBLIC SECTOR BANKS,PUBLIC SECTOR BANKS,True,99.27,7.17,4.2,3.69,3.72,65.72,33.55,13.72,0.8,42.4,84.34,5.8,1.8,17.94,2.44,1.0,1.64,32.92,78.19,59.44,60.33,21.03,15.96,6.88,3.16,0.55,8.83,6.07,2.35
2022,2022-03-31,SMALL FINANCE BANKS,SMALL FINANCE BANKS,True,121.78,11.26,7.11,5.93,6.14,93.19,28.59,30.86,3.72,33.86,71.76,12.07,5.35,11.95,6.88,1.63,3.15,72.48,61.98,90.28,54.06,27.45,21.13,15.88,9.74,0.53,4.58,5.94,-0.2
2022,2022-03-31,STATE BANK OF INDIA AND ITS ASSOCIATES,STATE BANK OF INDIA AND ITS ASSOCIATES,True,,,,,,,,,,,,,,,,,,,,,,,,,,,,,
2023,2023-03-31,ALL SCHEDULED COMMERICIAL BANKS,ALL SCHEDULED COMMERICIAL BANKS,True,108.85,6.13,6.11,3.84,4.05,75.1,33.76,14.92,1.0,41.56,78.41,6.73,2.15,16.25,3.22,1.14,2.21,32.46,74.45,62.85,47.23,17.92,12.87,8.24,4.19,1.14,12.93,6.34,2.29
2023,2023-03-31,FOREIGN BANKS,FOREIGN BANKS,True,136.14,10.91,4.03,2.93,3.11,57.37,78.76,3.77,0.21,40.48,54.59,5.66,1.9,12.75,3.51,1.69,3.3,26.31,46.74,44.44,36.0,16.88,9.31,8.21,5.1,1.47,11.74,5.78,2.67
2023,2023-03-31,NATIONALISED BANKS,NATIONALISED BANKS,True,,,,,,,,,,,,,,,,,,,,,,,,,,,,,
2023,2023-03-31,PAYMENTS BANKS,PAYMENTS BANKS,True,99.1,18.85,7.77,2.14,2.36,0.0,99.1,55.04,2.34,100.0,53.03,4.25,27.54,0.13,3.03,25.2,0.7,,,100.0,16.38,15.69,15.32,5.98,3.62,0.66,6.29,5.64,3.28
2023,2023-03-31,PRIVATE SECTOR BANKS,PRIVATE SECTOR BANKS,True,114.96,6.56,6.38,3.83,4.13,85.19,29.77,16.2,1.19,44.06,74.59,7.36,2.56,16.11,3.88,1.37,2.69,34.76,72.73,65.84,34.86,14.77,10.23,9.17,5.04,1.63,13.74,6.26,2.13
2023,2023-03-31,PUBLIC SECTOR BANKS,PUBLIC SECTOR BANKS,True,103.34,5.48,6.23,3.89,4.05,70.74,32.6,14.54,0.93,40.38,83.55,6.37,1.83,17.08,2.72,0.9,1.79,30.59,77.44,61.43,59.28,19.77,14.89,7.47,3.42,0.79,12.35,6.45,2.4
2023,2023-03-31,SMALL FINANCE BANKS,SMALL FINANCE BANKS,True,123.31,9.32,7.29,5.94,6.14,92.97,30.34,30.7,3.89,32.45,71.52,12.67,5.59,10.2,7.51,1.7,3.62,67.41,64.11,89.24,50.99,26.51,19.83,16.54,10.4,1.8,15.5,6.67,0.52
2023,2023-03-31,STATE BANK OF INDIA AND ITS ASSOCIATES,STATE BANK OF INDIA AND ITS ASSOCIATES,True,,,,,,,,,,,,,,,,,,,,,,,,,,,,,
2024,2024-03-31,ALL SCHEDULED COMMERICIAL BANKS,ALL SCHEDULED COMMERICIAL BANKS,True,112.29,5.88,8.07,4.76,5.09,78.85,33.44,13.23,1.01,39.04,77.43,7.67,2.26,14.72,3.27,1.25,2.26,32.33,74.66,63.92,49.68,16.87,12.6,9.35,4.26,1.35,14.61,6.74,1.65
2024,2024-03-31,FOREIGN BANKS,FOREIGN BANKS,True,134.49,10.51,5.6,3.81,4.13,54.4,80.08,10.3,0.67,40.14,59.1,6.48,2.12,10.14,3.61,1.45,2.94,24.09,45.96,40.89,30.13,12.8,8.06,8.7,4.57,1.65,9.43,6.81,2.68
2024,2024-03-31,NATIONALISED BANKS,NATIONALISED BANKS,True,,,,,,,,,,,,,,,,,,,,,,,,,,,,,
2024,2024-03-31,PAYMENTS BANKS,PAYMENTS BANKS,True,88.27,18.56,11.17,2.01,2.39,0.0,88.27,66.97,3.98,100.0,65.61,5.95,27.86,0.11,4.46,23.88,0.48,,,100.0,18.31,17.38,17.1,10.03,7.64,0.57,-0.05,7.57,5.18
2024,2024-03-31,PRIVATE SECTOR BANKS,PRIVATE SECTOR BANKS,True,121.47,7.05,9.21,4.81,5.39,90.74,30.73,11.78,0.99,39.84,71.87,8.4,2.52,15.07,3.87,1.53,2.88,34.72,74.97,69.24,37.76,13.5,9.59,10.36,4.97,1.87,15.83,6.82,1.43
2024,2024-03-31,PUBLIC SECTOR BANKS,PUBLIC SECTOR BANKS,True,105.05,4.79,7.34,4.78,4.96,73.66,31.39,13.94,1.01,38.62,83.29,7.23,2.0,15.49,2.76,0.99,1.76,30.2,76.38,60.85,62.36,19.3,15.18,8.53,3.57,0.96,14.67,6.67,1.71
2024,2024-03-31,SMALL FINANCE BANKS,SMALL FINANCE BANKS,True,119.74,6.98,8.24,6.8,6.97,90.14,29.61,28.84,3.79,28.13,74.83,13.15,5.7,14.01,7.36,1.91,3.56,69.5,62.69,87.45,49.45,24.52,18.72,16.96,9.99,2.12,17.23,6.84,-0.12
2024,2024-03-31,STATE BANK OF INDIA AND ITS ASSOCIATES,STATE BANK OF INDIA AND ITS ASSOCIATES,True,,,,,,,,,,,,,,,,,,,,,,,,,,,,,
2025,2025-03-31,ALL SCHEDULED COMMERICIAL BANKS,ALL SCHEDULED COMMERICIAL BANKS,True,112.07,5.91,7.53,5.01,5.27,79.18,32.89,11.23,0.86,37.4,77.35,7.65,2.12,16.56,3.11,1.26,2.25,31.94,75.49,62.4,47.53,15.13,11.32,9.19,3.92,1.39,14.15,6.79,1.52
2025,2025-03-31,FOREIGN BANKS,FOREIGN BANKS,True,139.58,11.37,5.15,3.96,4.21,55.94,83.63,10.46,0.67,40.26,54.01,6.41,2.06,14.23,3.44,1.39,2.77,21.44,48.13,41.96,28.96,11.85,7.65,8.55,4.34,1.7,9.34,6.67,2.46
2025,2025-03-31,NATIONALISED BANKS,NATIONALISED BANKS,True,,,,,,,,,,,,,,,,,,,,,,,,,,,,,
2025,2025-03-31,PAYMENTS BANKS,PAYMENTS BANKS,True,93.29,14.15,11.74,1.85,2.45,0.0,93.29,48.83,2.7,100.0,68.77,5.54,19.83,0.11,3.78,17.13,1.08,,,100.0,16.1,14.79,14.09,9.06,6.62,0.72,6.7,6.74,4.3
2025,2025-03-31,PRIVATE SECTOR BANKS,PRIVATE SECTOR BANKS,True,118.96,6.6,8.23,5.08,5.5,87.94,31.02,11.13,0.92,37.71,73.4,8.24,2.37,15.67,3.63,1.45,2.72,35.51,76.22,66.83,37.8,12.83,9.23,10.01,4.51,1.78,14.01,6.76,1.26
2025,2025-03-31,PUBLIC SECTOR BANKS,PUBLIC SECTOR BANKS,True,105.79,4.99,7.3,5.01,5.19,75.73,30.06,10.69,0.78,37.13,82.82,7.29,1.86,17.66,2.63,1.08,1.85,29.2,76.65,59.94,58.69,16.73,13.03,8.48,3.29,1.1,15.94,6.83,1.64
2025,2025-03-31,SMALL FINANCE BANKS,SMALL FINANCE BANKS,True,114.07,8.49,8.1,7.05,7.15,86.39,27.67,27.37,3.46,26.11,77.79,12.63,5.47,18.94,6.6,2.01,3.14,66.01,71.81,84.79,50.97,24.24,19.03,16.16,9.0,0.97,8.18,6.83,-0.32
2025,2025-03-31,STATE BANK OF INDIA AND ITS ASSOCIATES,STATE BANK OF INDIA AND ITS ASSOCIATES,True,,,,,,,,,,,,,,,,,,,,,,,,,,,,,
