,,,,,,,,,,,
,BANK GROUP-WISE SELECT  RATIOS OF SCHEDULED COMMERCIAL BANKS,,,,,,,,,,
,,,,,,,,,,,
,(In Percent),,,,,,,,,,
,,,,,,,,,,,
,,,,As on March 31,,,,,,,
,,Year,Ratios,STATE BANK OF INDIA AND ITS ASSOCIATES,NATIONALISED BANKS,PUBLIC SECTOR BANKS,PRIVATE SECTOR BANKS,FOREIGN BANKS,SMALL FINANCE BANKS,PAYMENTS BANKS,ALL SCHEDULED COMMERICIAL BANKS
,,2024-25   ,1.  Cash - Deposit Ratio, , ,4.99,6.60,11.37,8.49,14.15,5.91
,,,2.  Credit - Deposit Ratio, , ,75.73,87.94,55.94,86.39,0.00,79.18
,,,3.  Investment - Deposit Ratio, , ,30.06,31.02,83.63,27.67,93.29,32.89
,,,4.  (Credit + Investment) - Deposit Ratio, , ,105.79,118.96,139.58,114.07,93.29,112.07
,,,5.   Ratio of deposits to total liabilities, , ,82.82,73.40,54.01,77.79,68.77,77.35
,,,6.   Ratio of demand & savings bank deposits to total deposits, , ,37.13,37.71,40.26,26.11,100.00,37.40
,,,7.   Ratio of priority sector advances to total advances, , ,29.20,35.51,21.44,66.01,-,31.94
,,,8.   Ratio of term loans to total advances, , ,59.94,66.83,41.96,84.79,100.00,62.40
,,,9.   Ratio of secured advances to total advances, , ,76.65,76.22,48.13,71.81,-,75.49
,,,10.  Ratio of investments in non-approved securities to total investments, , ,17.66,15.67,14.23,18.94,0.11,16.56
,,,11.  Ratio of interest income to total assets, , ,7.29,8.24,6.41,12.63,5.54,7.65
,,,12.  Ratio of net interest income to total assets (Net Interest Margin), , ,2.63,3.63,3.44,6.60,3.78,3.11
,,,13.  Ratio of non-interest income to total assets, , ,1.08,1.45,1.39,2.01,17.13,1.26
,,,14.  Ratio of intermediation cost to total assets, , ,1.86,2.37,2.06,5.47,19.83,2.12
,,,15.  Ratio of wage bills to intermediation cost, , ,58.69,37.80,28.96,50.97,16.10,47.53
,,,16.  Ratio of wage bills to total expense, , ,16.73,12.83,11.85,24.24,14.79,15.13
,,,17.  Ratio of wage bills to total income, , ,13.03,9.23,7.65,19.03,14.09,11.32
,,,18.  Ratio of burden to total assets, , ,0.78,0.92,0.67,3.46,2.70,0.86
,,,19.  Ratio of burden to interest income, , ,10.69,11.13,10.46,27.37,48.83,11.23
,,,20.  Ratio of operating profits to total assets, , ,1.85,2.72,2.77,3.14,1.08,2.25
,,,21.  Return on assets, , ,1.10,1.78,1.70,0.97,0.72,1.39
,,,22.  Return on equity, , ,15.94,14.01,9.34,8.18,6.70,14.15
,,,23.  Cost of deposits, , ,5.01,5.08,3.96,7.05,1.85,5.01
,,,24.  Cost of borrowings, , ,7.30,8.23,5.15,8.10,11.74,7.53
,,,25.  Cost of funds, , ,5.19,5.50,4.21,7.15,2.45,5.27
,,,26.  Return on advances, , ,8.48,10.01,8.55,16.16,9.06,9.19
,,,27.  Return on investments, , ,6.83,6.76,6.67,6.83,6.74,6.79
,,,28.  Return on advances adjusted to cost of funds, , ,3.29,4.51,4.34,9.00,6.62,3.92
,,,29.  Return on investments adjusted to cost of funds, , ,1.64,1.26,2.46,-0.32,4.30,1.52
,,2023-24   ,1.  Cash - Deposit Ratio, , ,4.79,7.05,10.51,6.98,18.56,5.88
,,,2.  Credit - Deposit Ratio, , ,73.66,90.74,54.40,90.14,0.00,78.85
,,,3.  Investment - Deposit Ratio, , ,31.39,30.73,80.08,29.61,88.27,33.44
,,,4.  (Credit + Investment) - Deposit Ratio, , ,105.05,121.47,134.49,119.74,88.27,112.29
,,,5.   Ratio of deposits to total liabilities, , ,83.29,71.87,59.10,74.83,65.61,77.43
,,,6.   Ratio of demand & savings bank deposits to total deposits, , ,38.62,39.84,40.14,28.13,100.00,39.04
,,,7.   Ratio of priority sector advances to total advances, , ,30.20,34.72,24.09,69.50,-,32.33
,,,8.   Ratio of term loans to total advances, , ,60.85,69.24,40.89,87.45,100.00,63.92
,,,9.   Ratio of secured advances to total advances, , ,76.38,74.97,45.96,62.69,-,74.66
,,,10.  Ratio of investments in non-approved securities to total investments, , ,15.49,15.07,10.14,14.01,0.11,14.72
,,,11.  Ratio of interest income to total assets, , ,7.23,8.40,6.48,13.15,5.95,7.67
,,,12.  Ratio of net interest income to total assets (Net Interest Margin), , ,2.76,3.87,3.61,7.36,4.46,3.27
,,,13.  Ratio of non-interest income to total assets, , ,0.99,1.53,1.45,1.91,23.88,1.25
,,,14.  Ratio of intermediation cost to total assets, , ,2.00,2.52,2.12,5.70,27.86,2.26
,,,15.  Ratio of wage bills to intermediation cost, , ,62.36,37.76,30.13,49.45,18.31,49.68
,,,16.  Ratio of wage bills to total expense, , ,19.30,13.50,12.80,24.52,17.38,16.87
,,,17.  Ratio of wage bills to total income, , ,15.18,9.59,8.06,18.72,17.10,12.60
,,,18.  Ratio of burden to total assets, , ,1.01,0.99,0.67,3.79,3.98,1.01
,,,19.  Ratio of burden to interest income, , ,13.94,11.78,10.30,28.84,66.97,13.23
,,,20.  Ratio of operating profits to total assets, , ,1.76,2.88,2.94,3.56,0.48,2.26
,,,21.  Return on assets, , ,0.96,1.87,1.65,2.12,0.57,1.35
,,,22.  Return on equity, , ,14.67,15.83,9.43,17.23,-0.05,14.61
,,,23.  Cost of deposits, , ,4.78,4.81,3.81,6.80,2.01,4.76
,,,24.  Cost of borrowings, , ,7.34,9.21,5.60,8.24,11.17,8.07
,,,25.  Cost of funds, , ,4.96,5.39,4.13,6.97,2.39,5.09
,,,26.  Return on advances, , ,8.53,10.36,8.70,16.96,10.03,9.35
,,,27.  Return on investments, , ,6.67,6.82,6.81,6.84,7.57,6.74
,,,28.  Return on advances adjusted to cost of funds, , ,3.57,4.97,4.57,9.99,7.64,4.26
,,,29.  Return on investments adjusted to cost of funds, , ,1.71,1.43,2.68,-0.12,5.18,1.65
,,2022-23   ,1.  Cash - Deposit Ratio, , ,5.48,6.56,10.91,9.32,18.85,6.13
,,,2.  Credit - Deposit Ratio, , ,70.74,85.19,57.37,92.97,0.00,75.10
,,,3.  Investment - Deposit Ratio, , ,32.60,29.77,78.76,30.34,99.10,33.76
,,,4.  (Credit + Investment) - Deposit Ratio, , ,103.34,114.96,136.14,123.31,99.10,108.85
,,,5.   Ratio of deposits to total liabilities, , ,83.55,74.59,54.59,71.52,53.03,78.41
,,,6.   Ratio of demand & savings bank deposits to total deposits, , ,40.38,44.06,40.48,32.45,100.00,41.56
,,,7.   Ratio of priority sector advances to total advances, , ,30.59,34.76,26.31,67.41,-,32.46
,,,8.   Ratio of term loans to total advances, , ,61.43,65.84,44.44,89.24,100.00,62.85
,,,9.   Ratio of secured advances to total advances, , ,77.44,72.73,46.74,64.11,-,74.45
,,,10.  Ratio of investments in non-approved securities to total investments, , ,17.08,16.11,12.75,10.20,0.13,16.25
,,,11.  Ratio of interest income to total assets, , ,6.37,7.36,5.66,12.67,4.25,6.73
,,,12.  Ratio of net interest income to total assets (Net Interest Margin), , ,2.72,3.88,3.51,7.51,3.03,3.22
,,,13.  Ratio of non-interest income to total assets, , ,0.90,1.37,1.69,1.70,25.20,1.14
,,,14.  Ratio of intermediation cost to total assets, , ,1.83,2.56,1.90,5.59,27.54,2.15
,,,15.  Ratio of wage bills to intermediation cost, , ,59.28,34.86,36.00,50.99,16.38,47.23
,,,16.  Ratio of wage bills to total expense, , ,19.77,14.77,16.88,26.51,15.69,17.92
,,,17.  Ratio of wage bills to total income, , ,14.89,10.23,9.31,19.83,15.32,12.87
,,,18.  Ratio of burden to total assets, , ,0.93,1.19,0.21,3.89,2.34,1.00
,,,19.  Ratio of burden to interest income, , ,14.54,16.20,3.77,30.70,55.04,14.92
,,,20.  Ratio of operating profits to total assets, , ,1.79,2.69,3.30,3.62,0.70,2.21
,,,21.  Return on assets, , ,0.79,1.63,1.47,1.80,0.66,1.14
,,,22.  Return on equity, , ,12.35,13.74,11.74,15.50,6.29,12.93
,,,23.  Cost of deposits, , ,3.89,3.83,2.93,5.94,2.14,3.84
,,,24.  Cost of borrowings, , ,6.23,6.38,4.03,7.29,7.77,6.11
,,,25.  Cost of funds, , ,4.05,4.13,3.11,6.14,2.36,4.05
,,,26.  Return on advances, , ,7.47,9.17,8.21,16.54,5.98,8.24
,,,27.  Return on investments, , ,6.45,6.26,5.78,6.67,5.64,6.34
,,,28.  Return on advances adjusted to cost of funds, , ,3.42,5.04,5.10,10.40,3.62,4.19
,,,29.  Return on investments adjusted to cost of funds, , ,2.40,2.13,2.67,0.52,3.28,2.29
,,2021-22   ,1.  Cash - Deposit Ratio, , ,7.17,10.54,17.10,11.26,19.53,8.77
,,,2.  Credit - Deposit Ratio, , ,65.72,83.33,55.06,93.19,0.02,71.00
,,,3.  Investment - Deposit Ratio, , ,33.55,29.77,59.73,28.59,126.93,33.64
,,,4.  (Credit + Investment) - Deposit Ratio, , ,99.27,113.11,114.78,121.78,126.95,104.64
,,,5.   Ratio of deposits to total liabilities, , ,84.34,74.12,61.51,71.76,44.61,79.27
,,,6.   Ratio of demand & savings bank deposits to total deposits, , ,42.40,46.34,43.86,33.86,100.00,43.68
,,,7.   Ratio of priority sector advances to total advances, , ,32.92,34.37,27.57,72.48,-,33.70
,,,8.   Ratio of term loans to total advances, , ,59.44,66.64,42.83,90.28,100.00,61.84
,,,9.   Ratio of secured advances to total advances, , ,78.19,73.72,42.25,61.98,-,74.97
,,,10.  Ratio of investments in non-approved securities to total investments, , ,17.94,16.95,21.19,11.95,0.14,17.87
,,,11.  Ratio of interest income to total assets, , ,5.80,6.83,5.00,12.07,4.13,6.15
,,,12.  Ratio of net interest income to total assets (Net Interest Margin), , ,2.44,3.58,3.37,6.88,2.69,2.92
,,,13.  Ratio of non-interest income to total assets, , ,1.00,1.47,1.04,1.63,41.67,1.19
,,,14.  Ratio of intermediation cost to total assets, , ,1.80,2.27,1.90,5.35,45.16,2.02
,,,15.  Ratio of wage bills to intermediation cost, , ,60.33,37.58,36.76,54.06,16.15,49.69
,,,16.  Ratio of wage bills to total expense, , ,21.03,15.45,19.76,27.45,15.65,19.11
,,,17.  Ratio of wage bills to total income, , ,15.96,10.28,11.55,21.13,15.92,13.67
,,,18.  Ratio of burden to total assets, , ,0.80,0.80,0.86,3.72,3.49,0.83
,,,19.  Ratio of burden to interest income, , ,13.72,11.74,17.21,30.86,84.44,13.49
,,,20.  Ratio of operating profits to total assets, , ,1.64,2.78,2.51,3.15,-0.80,2.09
,,,21.  Return on assets, , ,0.55,1.45,1.41,0.53,-0.34,0.91
,,,22.  Return on equity, , ,8.83,12.20,8.03,4.58,-7.63,10.15
,,,23.  Cost of deposits, , ,3.69,3.67,2.13,5.93,2.87,3.62
,,,24.  Cost of borrowings, , ,4.20,5.19,3.65,7.11,2.81,4.64
,,,25.  Cost of funds, , ,3.72,3.85,2.32,6.14,2.87,3.71
,,,26.  Return on advances, , ,6.88,8.47,6.98,15.88,5.23,7.57
,,,27.  Return on investments, , ,6.07,5.79,5.68,5.94,5.09,5.96
,,,28.  Return on advances adjusted to cost of funds, , ,3.16,4.62,4.66,9.74,2.36,3.85
,,,29.  Return on investments adjusted to cost of funds, , ,2.35,1.94,3.36,-0.20,2.22,2.24
,,2020-21   ,1.  Cash - Deposit Ratio, , ,5.45,6.06,14.26,6.32,7.70,6.08
,,,2.  Credit - Deposit Ratio, , ,64.11,82.02,54.21,99.21,0.01,69.36
,,,3.  Investment - Deposit Ratio, , ,34.35,31.57,60.51,28.01,94.89,34.76
,,,4.  (Credit + Investment) - Deposit Ratio, , ,98.46,113.58,114.71,127.22,94.90,104.12
,,,5.   Ratio of deposits to total liabilities, , ,84.41,74.61,61.58,66.93,62.44,79.58
,,,6.   Ratio of demand & savings bank deposits to total deposits, , ,41.89,44.62,41.80,23.90,100.00,42.61
,,,7.   Ratio of priority sector advances to total advances, , ,33.77,31.98,29.30,65.70,-,33.27
,,,8.   Ratio of term loans to total advances, , ,58.46,67.78,42.90,91.66,100.00,61.58
,,,9.   Ratio of secured advances to total advances, , ,81.62,74.68,44.34,59.15,-,77.42
,,,10.  Ratio of investments in non-approved securities to total investments, , ,18.53,18.24,17.72,11.47,0.03,18.33
,,,11.  Ratio of interest income to total assets, , ,6.28,7.38,5.00,13.18,3.52,6.61
,,,12.  Ratio of net interest income to total assets (Net Interest Margin), , ,2.45,3.58,3.31,7.02,1.58,2.91
,,,13.  Ratio of non-interest income to total assets, , ,1.09,1.48,1.31,1.95,31.60,1.25
,,,14.  Ratio of intermediation cost to total assets, , ,1.81,2.13,1.75,5.10,43.76,1.94
,,,15.  Ratio of wage bills to intermediation cost, , ,61.13,38.54,35.33,57.01,31.81,51.30
,,,16.  Ratio of wage bills to total expense, , ,19.61,13.86,17.98,25.82,30.46,17.68
,,,17.  Ratio of wage bills to total income, , ,15.01,9.28,9.82,19.20,39.63,12.70
,,,18.  Ratio of burden to total assets, , ,0.72,0.65,0.44,3.14,12.16,0.70
,,,19.  Ratio of burden to interest income, , ,11.41,8.83,8.89,23.84,345.23,10.57
,,,20.  Ratio of operating profits to total assets, , ,1.73,2.93,2.86,3.88,-10.58,2.21
,,,21.  Return on assets, , ,0.28,1.17,1.56,1.36,-7.24,0.66
,,,22.  Return on equity, , ,4.67,10.33,9.20,11.20,-51.33,7.73
,,,23.  Cost of deposits, , ,4.23,4.30,2.40,6.84,2.96,4.18
,,,24.  Cost of borrowings, , ,4.31,5.56,3.25,8.83,5.28,4.89
,,,25.  Cost of funds, , ,4.24,4.48,2.52,7.30,3.09,4.25
,,,26.  Return on advances, , ,7.49,9.13,7.08,17.15,9.26,8.15
,,,27.  Return on investments, , ,6.61,6.19,6.04,6.83,3.97,6.44
,,,28.  Return on advances adjusted to cost of funds, , ,3.25,4.66,4.56,9.85,6.18,3.90
,,,29.  Return on investments adjusted to cost of funds, , ,2.37,1.71,3.52,-0.48,0.89,2.20
,,2019-20   ,1.  Cash - Deposit Ratio, , ,4.83,6.55,7.49,6.13,3.82,5.48
,,,2.  Credit - Deposit Ratio, , ,68.06,87.16,62.56,109.78,-,73.72
,,,3.  Investment - Deposit Ratio, , ,32.50,31.09,63.03,29.34,81.20,33.56
,,,4.  (Credit + Investment) - Deposit Ratio, , ,100.56,118.25,125.59,139.12,81.20,107.28
,,,5.   Ratio of deposits to total liabilities, , ,83.92,71.31,54.09,62.14,51.97,77.58
,,,6.   Ratio of demand & savings bank deposits to total deposits, , ,39.93,41.36,42.07,15.35,100.00,40.32
,,,7.   Ratio of priority sector advances to total advances, , ,31.87,30.92,27.08,71.81,-,31.69
,,,8.   Ratio of term loans to total advances, , ,58.15,69.78,37.63,92.37,-,61.69
,,,9.   Ratio of secured advances to total advances, , ,81.85,74.67,42.24,53.45,-,77.43
,,,10.  Ratio of investments in non-approved securities to total investments, , ,19.34,18.25,15.94,14.28,-,18.70
,,,11.  Ratio of interest income to total assets, , ,6.84,8.07,5.74,15.67,2.78,7.22
,,,12.  Ratio of net interest income to total assets (Net Interest Margin), , ,2.37,3.43,3.26,8.34,1.95,2.81
,,,13.  Ratio of non-interest income to total assets, , ,1.13,1.75,1.43,2.10,0.55,1.35
,,,14.  Ratio of intermediation cost to total assets, , ,1.84,2.28,1.86,6.61,29.63,2.01
,,,15.  Ratio of wage bills to intermediation cost, , ,60.11,37.39,36.50,53.29,54.21,50.24
,,,16.  Ratio of wage bills to total expense, , ,17.53,12.31,15.63,25.27,52.74,15.76
,,,17.  Ratio of wage bills to total income, , ,13.88,8.67,9.47,19.83,482.60,11.81
,,,18.  Ratio of burden to total assets, , ,0.71,0.53,0.43,4.51,29.08,0.66
,,,19.  Ratio of burden to interest income, , ,10.42,6.53,7.55,28.80,"1,045.79",9.15
,,,20.  Ratio of operating profits to total assets, , ,1.66,2.90,2.83,3.83,-27.13,2.15
,,,21.  Return on assets, , ,-0.23,0.51,1.55,1.71,-25.39,0.15
,,,22.  Return on equity, , ,-4.16,3.30,8.76,15.00,-58.19,0.78
,,,23.  Cost of deposits, , ,4.96,5.26,3.65,8.20,1.58,5.00
,,,24.  Cost of borrowings, , ,4.56,6.17,4.07,9.84,-,5.36
,,,25.  Cost of funds, , ,4.92,5.41,3.73,8.66,1.59,5.04
,,,26.  Return on advances, , ,8.16,10.11,8.45,19.87,-,8.94
,,,27.  Return on investments, , ,6.92,6.59,6.71,7.52,3.49,6.81
,,,28.  Return on advances adjusted to cost of funds, , ,3.24,4.70,4.72,11.21,-,3.90
,,,29.  Return on investments adjusted to cost of funds, , ,1.99,1.18,2.98,-1.14,1.90,1.77
,,2018-19   ,1.  Cash - Deposit Ratio, , ,5.37,5.48,5.79,4.73,-,5.42
,,,2.  Credit - Deposit Ratio, , ,69.44,88.26,68.26,120.91,-,75.09
,,,3.  Investment - Deposit Ratio, , ,31.84,32.41,65.97,30.41,-,33.54
,,,4.  (Credit + Investment) - Deposit Ratio, , ,101.28,120.67,134.22,151.32,-,108.63
,,,5.   Ratio of deposits to total liabilities, , ,83.50,71.16,55.02,58.89,-,77.63
,,,6.   Ratio of demand & savings bank deposits to total deposits, , ,39.50,41.46,39.81,18.71,-,40.01
,,,7.   Ratio of priority sector advances to total advances, , ,32.70,30.21,27.08,68.32,-,31.83
,,,8.   Ratio of term loans to total advances, , ,55.23,68.06,35.48,90.86,-,59.05
,,,9.   Ratio of secured advances to total advances, , ,82.86,76.20,44.87,59.50,-,78.87
,,,10.  Ratio of investments in non-approved securities to total investments, , ,19.79,23.69,20.26,22.20,-,20.94
,,,11.  Ratio of interest income to total assets, , ,6.87,7.91,5.77,14.33,-,7.16
,,,12.  Ratio of net interest income to total assets (Net Interest Margin), , ,2.33,3.26,3.23,7.62,-,2.70
,,,13.  Ratio of non-interest income to total assets, , ,0.95,1.48,1.49,1.80,-,1.15
,,,14.  Ratio of intermediation cost to total assets, , ,1.77,2.20,1.94,6.21,-,1.93
,,,15.  Ratio of wage bills to intermediation cost, , ,57.96,35.87,35.94,50.64,-,48.67
,,,16.  Ratio of wage bills to total expense, , ,16.22,11.51,15.56,24.35,-,14.69
,,,17.  Ratio of wage bills to total income, , ,13.09,8.39,9.61,19.52,-,11.30
,,,18.  Ratio of burden to total assets, , ,0.82,0.72,0.45,4.41,-,0.78
,,,19.  Ratio of burden to interest income, , ,11.93,9.11,7.86,30.82,-,10.92
,,,20.  Ratio of operating profits to total assets, , ,1.51,2.54,2.78,3.20,-,1.91
,,,21.  Return on assets, , ,-0.65,0.63,1.56,1.59,-,-0.09
,,,22.  Return on equity, , ,-11.44,5.45,8.77,12.59,-,-1.85
,,,23.  Cost of deposits, , ,5.01,5.14,3.79,7.03,-,5.00
,,,24.  Cost of borrowings, , ,4.81,6.64,2.93,9.79,-,5.54
,,,25.  Cost of funds, , ,4.99,5.40,3.61,8.02,-,5.06
,,,26.  Return on advances, , ,8.07,9.78,8.15,17.77,-,8.69
,,,27.  Return on investments, , ,7.20,6.99,6.23,7.55,-,7.06
,,,28.  Return on advances adjusted to cost of funds, , ,3.07,4.37,4.54,9.75,-,3.63
,,,29.  Return on investments adjusted to cost of funds, , ,2.21,1.58,2.62,-0.47,-,2.00
,,2017-18   ,1.  Cash - Deposit Ratio, , ,5.43,7.97,8.09,6.58,-,6.19
,,,2.  Credit - Deposit Ratio, , ,68.96,88.36,70.93,151.03,-,74.16
,,,3.  Investment - Deposit Ratio, , ,33.79,33.57,63.16,43.23,-,34.99
,,,4.  (Credit + Investment) - Deposit Ratio, , ,102.75,121.93,134.09,194.26,-,109.14
,,,5.   Ratio of deposits to total liabilities, , ,82.33,70.10,56.91,44.71,-,77.32
,,,6.   Ratio of demand & savings bank deposits to total deposits, , ,38.73,43.50,40.58,22.73,-,40.00
,,,7.   Ratio of priority sector advances to total advances, , ,32.64,27.01,27.60,57.41,-,30.82
,,,8.   Ratio of term loans to total advances, , ,53.51,66.88,37.67,88.47,-,57.08
,,,9.   Ratio of secured advances to total advances, , ,84.95,76.61,43.29,58.84,-,80.64
,,,10.  Ratio of investments in non-approved securities to total investments, , ,17.97,25.73,19.36,19.55,-,19.98
,,,11.  Ratio of interest income to total assets, , ,6.68,7.73,5.96,18.40,-,6.95
,,,12.  Ratio of net interest income to total assets (Net Interest Margin), , ,2.08,3.32,3.43,10.05,-,2.50
,,,13.  Ratio of non-interest income to total assets, , ,1.16,1.69,1.55,2.66,-,1.33
,,,14.  Ratio of intermediation cost to total assets, , ,1.66,2.19,2.13,8.64,-,1.85
,,,15.  Ratio of wage bills to intermediation cost, , ,55.92,37.30,38.18,56.78,-,48.82
,,,16.  Ratio of wage bills to total expense, , ,14.83,12.38,17.44,28.87,-,14.33
,,,17.  Ratio of wage bills to total income, , ,11.85,8.67,10.80,23.29,-,10.89
,,,18.  Ratio of burden to total assets, , ,0.50,0.50,0.57,5.98,-,0.52
,,,19.  Ratio of burden to interest income, , ,7.49,6.45,9.59,32.51,-,7.42
,,,20.  Ratio of operating profits to total assets, , ,1.57,2.82,2.86,4.07,-,1.99
,,,21.  Return on assets, , ,-0.84,1.14,1.34,0.73,-,-0.15
,,,22.  Return on equity, , ,-14.62,10.12,7.16,6.34,-,-2.81
,,,23.  Cost of deposits, , ,5.12,4.94,3.85,5.44,-,5.02
,,,24.  Cost of borrowings, , ,4.72,6.23,2.96,15.74,-,5.29
,,,25.  Cost of funds, , ,5.08,5.16,3.70,10.28,-,5.05
,,,26.  Return on advances, , ,7.77,9.45,8.12,22.88,-,8.31
,,,27.  Return on investments, , ,7.06,6.92,6.61,8.36,-,7.00
,,,28.  Return on advances adjusted to cost of funds, , ,2.68,4.29,4.42,12.60,-,3.25
,,,29.  Return on investments adjusted to cost of funds, , ,1.98,1.76,2.91,-1.92,-,1.94
,,2016-17   ,1.  Cash - Deposit Ratio,6.22,5.89,6.00,6.18,8.04,9.30,-,6.12
,,,2.  Credit - Deposit Ratio,72.29,67.17,68.81,86.53,71.39,164.37,-,73.04
,,,3.  Investment - Deposit Ratio,36.44,29.37,31.63,33.34,51.50,62.17,-,32.87
,,,4.  (Credit + Investment) - Deposit Ratio,108.73,96.53,100.44,119.87,122.88,226.55,-,105.91
,,,5.   Ratio of deposits to total liabilities,77.78,85.64,82.95,71.22,56.45,35.93,-,78.39
,,,6.   Ratio of demand & savings bank deposits to total deposits,43.68,34.39,37.36,43.06,37.63,29.59,-,38.68
,,,7.   Ratio of priority sector advances to total advances,25.21,35.66,32.15,28.86,28.93,84.75,-,31.16
,,,8.   Ratio of term loans to total advances,56.12,50.87,52.64,67.96,36.95,85.98,-,56.21
,,,9.   Ratio of secured advances to total advances,83.56,88.00,86.51,79.65,45.15,61.13,-,82.92
,,,10.  Ratio of investments in non-approved securities to total investments,21.75,15.81,18.00,26.66,16.45,2.79,-,19.92
,,,11.  Ratio of interest income to total assets,7.13,7.23,7.20,8.27,6.27,10.07,-,7.41
,,,12.  Ratio of net interest income to total assets (Net Interest Margin),2.39,1.99,2.12,3.38,3.38,5.08,-,2.51
,,,13.  Ratio of non-interest income to total assets,1.36,1.13,1.20,1.88,1.93,2.12,-,1.42
,,,14.  Ratio of intermediation cost to total assets,1.85,1.54,1.64,2.25,2.06,4.85,-,1.82
,,,15.  Ratio of wage bills to intermediation cost,58.22,58.45,58.36,39.35,40.49,61.36,-,51.35
,,,16.  Ratio of wage bills to total expense,16.38,13.24,14.26,12.39,16.81,30.24,-,13.90
,,,17.  Ratio of wage bills to total income,12.72,10.74,11.41,8.71,10.15,24.41,-,10.58
,,,18.  Ratio of burden to total assets,0.49,0.41,0.44,0.37,0.13,2.73,-,0.40
,,,19.  Ratio of burden to interest income,6.94,5.67,6.09,4.42,2.04,27.13,-,5.45
,,,20.  Ratio of operating profits to total assets,1.90,1.58,1.68,3.02,3.25,2.35,-,2.11
,,,21.  Return on assets,-0.02,-0.14,-0.10,1.30,1.61,1.13,-,0.36
,,,22.  Return on equity,-0.69,-2.81,-2.05,11.87,9.12,5.41,-,4.16
,,,23.  Cost of deposits,5.76,5.67,5.70,5.59,4.24,4.04,-,5.61
,,,24.  Cost of borrowings,2.89,6.39,4.80,6.56,4.26,8.64,-,5.44
,,,25.  Cost of funds,5.40,5.72,5.62,5.76,4.24,6.49,-,5.59
,,,26.  Return on advances,8.29,8.51,8.44,9.99,8.77,14.92,-,8.86
,,,27.  Return on investments,7.26,7.61,7.49,7.49,6.83,4.26,-,7.44
,,,28.  Return on advances adjusted to cost of funds,2.89,2.78,2.82,4.23,4.53,8.43,-,3.27
,,,29.  Return on investments adjusted to cost of funds,1.86,1.89,1.87,1.73,2.58,-2.23,-,1.85
,,2015-16   ,1.  Cash - Deposit Ratio,7.14,4.93,5.59,5.67,5.18,-,-,5.59
,,,2.  Credit - Deposit Ratio,82.54,71.38,74.72,90.30,79.24,-,-,78.24
,,,3.  Investment - Deposit Ratio,32.40,29.02,30.03,37.18,61.30,-,-,32.97
,,,4.  (Credit + Investment) - Deposit Ratio,114.94,100.40,104.75,127.48,140.54,-,-,111.21
,,,5.   Ratio of deposits to total liabilities,75.65,84.52,81.65,68.25,56.33,-,-,76.87
,,,6.   Ratio of demand & savings bank deposits to total deposits,40.60,29.29,32.68,39.31,34.87,-,-,34.19
,,,7.   Ratio of priority sector advances to total advances,25.69,33.71,31.05,28.83,27.34,-,-,30.34
,,,8.   Ratio of term loans to total advances,53.20,52.27,52.58,68.58,38.18,-,-,55.84
,,,9.   Ratio of secured advances to total advances,81.24,89.24,86.59,80.54,42.36,-,-,83.07
,,,10.  Ratio of investments in non-approved securities to total investments,18.30,16.71,17.23,23.83,14.61,-,-,18.59
,,,11.  Ratio of interest income to total assets,7.72,7.75,7.74,8.63,6.67,-,-,7.88
,,,12.  Ratio of net interest income to total assets (Net Interest Margin),2.60,2.06,2.23,3.41,3.59,-,-,2.58
,,,13.  Ratio of non-interest income to total assets,1.20,0.79,0.92,1.73,1.60,-,-,1.15
,,,14.  Ratio of intermediation cost to total assets,1.87,1.52,1.63,2.22,2.07,-,-,1.79
,,,15.  Ratio of wage bills to intermediation cost,59.71,59.56,59.61,40.59,42.48,-,-,53.01
,,,16.  Ratio of wage bills to total expense,15.97,12.56,13.60,12.11,17.07,-,-,13.40
,,,17.  Ratio of wage bills to total income,12.52,10.62,11.23,8.69,10.61,-,-,10.53
,,,18.  Ratio of burden to total assets,0.67,0.73,0.71,0.49,0.47,-,-,0.65
,,,19.  Ratio of burden to interest income,8.68,9.45,9.21,5.67,7.01,-,-,8.21
,,,20.  Ratio of operating profits to total assets,1.93,1.32,1.51,2.92,3.13,-,-,1.94
,,,21.  Return on assets,0.42,-0.30,-0.07,1.50,1.45,-,-,0.40
,,,22.  Return on equity,6.78,-8.51,-3.47,13.81,8.00,-,-,3.58
,,,23.  Cost of deposits,6.18,6.19,6.19,6.08,4.46,-,-,6.09
,,,24.  Cost of borrowings,3.47,6.53,5.27,6.27,4.00,-,-,5.50
,,,25.  Cost of funds,5.85,6.22,6.11,6.11,4.36,-,-,6.02
,,,26.  Return on advances,8.79,9.13,9.02,10.46,8.95,-,-,9.35
,,,27.  Return on investments,7.97,7.73,7.80,7.49,7.28,-,-,7.68
,,,28.  Return on advances adjusted to cost of funds,2.94,2.92,2.92,4.35,4.60,-,-,3.33
,,,29.  Return on investments adjusted to cost of funds,2.12,1.51,1.70,1.37,2.92,-,-,1.66
,,2014-15   ,1.  Cash - Deposit Ratio,7.06,4.83,5.46,6.08,5.97,-,-,5.60
,,,2.  Credit - Deposit Ratio,82.07,73.77,76.12,86.36,80.85,-,-,78.32
,,,3.  Investment - Deposit Ratio,29.79,28.12,28.59,36.42,62.31,-,-,31.56
,,,4.  (Credit + Investment) - Deposit Ratio,111.86,101.88,104.71,122.79,143.16,-,-,109.88
,,,5.   Ratio of deposits to total liabilities,78.25,84.89,82.89,70.47,53.67,-,-,78.37
,,,6.   Ratio of demand & savings bank deposits to total deposits,39.46,27.64,30.99,38.34,34.65,-,-,32.58
,,,7.   Ratio of priority sector advances to total advances,25.43,31.02,29.31,27.77,27.30,-,-,28.89
,,,8.   Ratio of term loans to total advances,51.21,53.12,52.53,67.07,39.82,-,-,55.09
,,,9.   Ratio of secured advances to total advances,82.54,89.22,87.18,83.00,43.66,-,-,84.35
,,,10.  Ratio of investments in non-approved securities to total investments,19.52,14.41,15.92,26.15,11.52,-,-,17.84
,,,11.  Ratio of interest income to total assets,8.21,8.09,8.12,8.81,6.71,-,-,8.18
,,,12.  Ratio of net interest income to total assets (Net Interest Margin),2.81,2.15,2.35,3.37,3.54,-,-,2.64
,,,13.  Ratio of non-interest income to total assets,1.12,0.82,0.91,1.72,1.99,-,-,1.15
,,,14.  Ratio of intermediation cost to total assets,1.95,1.44,1.59,2.23,2.17,-,-,1.76
,,,15.  Ratio of wage bills to intermediation cost,61.71,60.90,61.20,41.27,42.68,-,-,54.39
,,,16.  Ratio of wage bills to total expense,16.40,11.87,13.21,11.99,17.32,-,-,13.13
,,,17.  Ratio of wage bills to total income,12.91,9.83,10.77,8.73,10.62,-,-,10.28
,,,18.  Ratio of burden to total assets,0.83,0.62,0.68,0.51,0.17,-,-,0.61
,,,19.  Ratio of burden to interest income,10.12,7.66,8.40,5.75,2.61,-,-,7.48
,,,20.  Ratio of operating profits to total assets,1.98,1.53,1.66,2.86,3.36,-,-,2.03
,,,21.  Return on assets,0.66,0.37,0.46,1.68,1.84,-,-,0.81
,,,22.  Return on equity,10.56,6.44,7.76,15.74,10.24,-,-,10.42
,,,23.  Cost of deposits,6.28,6.49,6.43,6.39,4.61,-,-,6.35
,,,24.  Cost of borrowings,4.90,6.47,5.90,6.41,4.87,-,-,5.95
,,,25.  Cost of funds,6.13,6.49,6.39,6.39,4.68,-,-,6.30
,,,26.  Return on advances,9.35,9.57,9.50,10.90,9.27,-,-,9.78
,,,27.  Return on investments,8.00,7.49,7.64,7.16,7.73,-,-,7.54
,,,28.  Return on advances adjusted to cost of funds,3.22,3.08,3.12,4.51,4.59,-,-,3.48
,,,29.  Return on investments adjusted to cost of funds,1.87,1.00,1.25,0.77,3.05,-,-,1.24
,,2013-14   ,1.  Cash - Deposit Ratio,6.22,4.93,5.29,6.20,6.94,-,-,5.53
,,,2.  Credit - Deposit Ratio,85.57,74.29,77.42,84.37,82.60,-,-,78.93
,,,3.  Investment - Deposit Ratio,28.58,30.49,29.96,40.76,73.90,-,-,33.79
,,,4.  (Credit + Investment) - Deposit Ratio,114.15,104.78,107.38,125.13,156.50,-,-,112.72
,,,5.   Ratio of deposits to total liabilities,78.86,84.26,82.69,70.47,47.07,-,-,77.74
,,,6.   Ratio of demand & savings bank deposits to total deposits,40.35,27.43,31.02,37.67,35.06,-,-,32.43
,,,7.   Ratio of priority sector advances to total advances,26.00,29.57,28.48,28.04,29.39,-,-,28.43
,,,8.   Ratio of term loans to total advances,50.81,52.55,52.02,63.79,41.73,-,-,53.92
,,,9.   Ratio of secured advances to total advances,85.38,87.82,87.07,84.18,43.62,-,-,84.62
,,,10.  Ratio of investments in non-approved securities to total investments,20.07,20.55,20.43,35.15,18.82,-,-,23.59
,,,11.  Ratio of interest income to total assets,8.40,8.27,8.31,8.90,6.60,-,-,8.32
,,,12.  Ratio of net interest income to total assets (Net Interest Margin),2.87,2.28,2.45,3.31,3.54,-,-,2.70
,,,13.  Ratio of non-interest income to total assets,1.04,0.80,0.87,1.67,1.95,-,-,1.11
,,,14.  Ratio of intermediation cost to total assets,2.06,1.43,1.62,2.19,2.21,-,-,1.77
,,,15.  Ratio of wage bills to intermediation cost,63.23,62.01,62.47,41.50,40.92,-,-,55.31
,,,16.  Ratio of wage bills to total expense,17.18,11.94,13.50,11.68,17.18,-,-,13.28
,,,17.  Ratio of wage bills to total income,13.82,9.77,10.99,8.60,10.59,-,-,10.41
,,,18.  Ratio of burden to total assets,1.03,0.62,0.74,0.52,0.27,-,-,0.66
,,,19.  Ratio of burden to interest income,12.22,7.55,8.94,5.84,4.02,-,-,7.99
,,,20.  Ratio of operating profits to total assets,1.85,1.65,1.71,2.79,3.28,-,-,2.04
,,,21.  Return on assets,0.63,0.45,0.50,1.65,1.54,-,-,0.81
,,,22.  Return on equity,10.03,7.78,8.48,16.22,9.03,-,-,10.69
,,,23.  Cost of deposits,6.34,6.53,6.47,6.40,4.78,-,-,6.39
,,,24.  Cost of borrowings,5.63,6.76,6.36,7.40,4.00,-,-,6.34
,,,25.  Cost of funds,6.26,6.54,6.46,6.58,4.53,-,-,6.39
,,,26.  Return on advances,9.51,9.78,9.69,11.24,9.38,-,-,9.98
,,,27.  Return on investments,8.37,7.45,7.69,7.32,7.34,-,-,7.58
,,,28.  Return on advances adjusted to cost of funds,3.24,3.23,3.23,4.66,4.85,-,-,3.60
,,,29.  Return on investments adjusted to cost of funds,2.11,0.90,1.23,0.74,2.81,-,-,1.19
,,2012-13   ,1.  Cash - Deposit Ratio,5.52,4.60,4.86,5.33,7.44,-,-,5.05
,,,2.  Credit - Deposit Ratio,85.22,74.96,77.85,81.90,91.51,-,-,79.14
,,,3.  Investment - Deposit Ratio,29.22,31.16,30.62,44.84,79.15,-,-,35.17
,,,4.  (Credit + Investment) - Deposit Ratio,114.44,106.12,108.46,126.75,170.66,-,-,114.31
,,,5.   Ratio of deposits to total liabilities,78.35,84.29,82.53,70.15,45.17,-,-,77.47
,,,6.   Ratio of demand & savings bank deposits to total deposits,40.76,28.55,31.99,37.05,40.61,-,-,33.28
,,,7.   Ratio of priority sector advances to total advances,27.26,28.33,28.00,27.28,29.37,-,-,27.92
,,,8.   Ratio of term loans to total advances,48.34,53.59,51.97,64.22,39.15,-,-,53.78
,,,9.   Ratio of secured advances to total advances,84.37,87.58,86.59,84.02,47.64,-,-,84.34
,,,10.  Ratio of investments in non-approved securities to total investments,20.38,18.69,19.15,34.78,26.69,-,-,23.55
,,,11.  Ratio of interest income to total assets,8.54,8.53,8.54,9.04,6.89,-,-,8.53
,,,12.  Ratio of net interest income to total assets (Net Interest Margin),2.98,2.39,2.57,3.22,3.83,-,-,2.79
,,,13.  Ratio of non-interest income to total assets,1.03,0.81,0.87,1.62,1.83,-,-,1.09
,,,14.  Ratio of intermediation cost to total assets,1.94,1.41,1.57,2.20,2.33,-,-,1.75
,,,15.  Ratio of wage bills to intermediation cost,62.81,63.16,63.03,42.34,42.08,-,-,55.77
,,,16.  Ratio of wage bills to total expense,16.25,11.81,13.11,11.61,18.22,-,-,13.03
,,,17.  Ratio of wage bills to total income,12.72,9.54,10.50,8.73,11.26,-,-,10.14
,,,18.  Ratio of burden to total assets,0.91,0.60,0.69,0.58,0.50,-,-,0.66
,,,19.  Ratio of burden to interest income,10.64,7.08,8.13,6.43,7.29,-,-,7.71
,,,20.  Ratio of operating profits to total assets,2.07,1.79,1.87,2.64,3.33,-,-,2.13
,,,21.  Return on assets,0.93,0.74,0.80,1.63,1.92,-,-,1.04
,,,22.  Return on equity,15.29,12.34,13.24,16.46,11.53,-,-,13.84
,,,23.  Cost of deposits,6.37,6.74,6.63,6.72,4.67,-,-,6.57
,,,24.  Cost of borrowings,5.69,6.40,6.15,7.42,4.06,-,-,6.22
,,,25.  Cost of funds,6.30,6.71,6.59,6.85,4.47,-,-,6.53
,,,26.  Return on advances,9.90,10.16,10.08,11.52,9.55,-,-,10.33
,,,27.  Return on investments,8.08,7.42,7.60,7.28,8.13,-,-,7.57
,,,28.  Return on advances adjusted to cost of funds,3.60,3.45,3.49,4.68,5.08,-,-,3.80
,,,29.  Return on investments adjusted to cost of funds,1.78,0.71,1.01,0.43,3.67,-,-,1.04
,,2011-12   ,1.  Cash - Deposit Ratio,5.63,5.59,5.60,6.01,8.37,-,-,5.79
,,,2.  Credit - Deposit Ratio,81.99,75.77,77.51,82.28,82.99,-,-,78.62
,,,3.  Investment - Deposit Ratio,29.70,30.30,30.13,44.78,72.45,-,-,34.62
,,,4.  (Credit + Investment) - Deposit Ratio,111.69,106.07,107.65,127.06,155.44,-,-,113.23
,,,5.   Ratio of deposits to total liabilities,79.32,84.27,82.82,69.38,47.08,-,-,77.56
,,,6.   Ratio of demand & savings bank deposits to total deposits,40.80,28.50,31.96,37.36,44.03,-,-,33.46
,,,7.   Ratio of priority sector advances to total advances,30.02,28.32,28.82,29.08,31.55,-,-,28.99
,,,8.   Ratio of term loans to total advances,49.25,53.98,52.58,66.54,40.47,-,-,54.69
,,,9.   Ratio of secured advances to total advances,82.80,82.54,82.62,83.92,49.04,-,-,81.34
,,,10.  Ratio of investments in non-approved securities to total investments,16.26,17.05,16.83,34.06,31.39,-,-,22.20
,,,11.  Ratio of interest income to total assets,8.52,8.57,8.55,8.71,6.67,-,-,8.45
,,,12.  Ratio of net interest income to total assets (Net Interest Margin),3.25,2.55,2.76,3.09,3.89,-,-,2.90
,,,13.  Ratio of non-interest income to total assets,1.06,0.82,0.89,1.62,2.02,-,-,1.11
,,,14.  Ratio of intermediation cost to total assets,1.94,1.44,1.59,2.20,2.47,-,-,1.77
,,,15.  Ratio of wage bills to intermediation cost,64.74,63.13,63.71,43.37,43.22,-,-,56.69
,,,16.  Ratio of wage bills to total expense,17.43,12.21,13.72,12.22,20.35,-,-,13.73
,,,17.  Ratio of wage bills to total income,13.13,9.71,10.74,9.25,12.29,-,-,10.52
,,,18.  Ratio of burden to total assets,0.88,0.63,0.70,0.58,0.45,-,-,0.66
,,,19.  Ratio of burden to interest income,10.38,7.30,8.21,6.68,6.78,-,-,7.82
,,,20.  Ratio of operating profits to total assets,2.36,1.92,2.05,2.51,3.44,-,-,2.24
,,,21.  Return on assets,0.89,0.88,0.88,1.53,1.76,-,-,1.08
,,,22.  Return on equity,16.00,15.05,15.33,15.25,10.79,-,-,14.60
,,,23.  Cost of deposits,5.97,6.51,6.36,6.43,4.34,-,-,6.28
,,,24.  Cost of borrowings,6.44,7.46,7.10,7.54,3.52,-,-,6.73
,,,25.  Cost of funds,6.02,6.58,6.42,6.62,4.10,-,-,6.33
,,,26.  Return on advances,10.27,10.32,10.31,11.06,9.61,-,-,10.42
,,,27.  Return on investments,7.80,7.43,7.54,7.26,8.02,-,-,7.52
,,,28.  Return on advances adjusted to cost of funds,4.25,3.74,3.89,4.44,5.51,-,-,4.08
,,,29.  Return on investments adjusted to cost of funds,1.78,0.85,1.12,0.64,3.92,-,-,1.18
,,2010-11   ,1.  Cash - Deposit Ratio,9.57,7.46,8.06,8.59,8.43,-,-,8.17
,,,2.  Credit - Deposit Ratio,79.80,73.89,75.57,79.53,81.24,-,-,76.52
,,,3.  Investment - Deposit Ratio,30.96,30.40,30.56,42.09,68.77,-,-,34.25
,,,4.  (Credit + Investment) - Deposit Ratio,110.75,104.29,106.13,121.62,150.00,-,-,110.78
,,,5.   Ratio of deposits to total liabilities,77.98,84.59,82.59,71.72,49.00,-,-,78.18
,,,6.   Ratio of demand & savings bank deposits to total deposits,45.01,29.82,34.15,38.70,46.76,-,-,35.50
,,,7.   Ratio of priority sector advances to total advances,32.03,29.92,30.56,30.38,32.69,-,-,30.62
,,,8.   Ratio of term loans to total advances,50.28,54.39,53.15,67.76,40.50,-,-,55.28
,,,9.   Ratio of secured advances to total advances,81.92,80.18,80.71,80.42,46.57,-,-,79.10
,,,10.  Ratio of investments in non-approved securities to total investments,19.57,19.28,19.36,37.83,32.35,-,-,24.53
,,,11.  Ratio of interest income to total assets,7.30,7.62,7.52,7.59,6.15,-,-,7.44
,,,12.  Ratio of net interest income to total assets (Net Interest Margin),2.84,2.74,2.77,3.10,3.86,-,-,2.91
,,,13.  Ratio of non-interest income to total assets,1.28,0.85,0.99,1.64,2.38,-,-,1.21
,,,14.  Ratio of intermediation cost to total assets,1.94,1.60,1.70,2.17,2.71,-,-,1.86
,,,15.  Ratio of wage bills to intermediation cost,65.90,66.44,66.25,44.61,42.99,-,-,59.02
,,,16.  Ratio of wage bills to total expense,19.97,16.41,17.50,14.53,23.30,-,-,17.22
,,,17.  Ratio of wage bills to total income,14.88,12.54,13.27,10.47,13.68,-,-,12.72
,,,18.  Ratio of burden to total assets,0.66,0.75,0.72,0.53,0.34,-,-,0.66
,,,19.  Ratio of burden to interest income,9.02,9.79,9.56,6.96,5.46,-,-,8.81
,,,20.  Ratio of operating profits to total assets,2.19,1.99,2.05,2.58,3.52,-,-,2.26
,,,21.  Return on assets,0.79,1.03,0.96,1.43,1.75,-,-,1.10
,,,22.  Return on equity,14.11,18.19,16.90,13.70,10.28,-,-,14.96
,,,23.  Cost of deposits,5.09,5.13,5.12,4.97,3.30,-,-,5.01
,,,24.  Cost of borrowings,5.43,7.91,6.99,7.00,3.52,-,-,6.53
,,,25.  Cost of funds,5.12,5.33,5.27,5.29,3.35,-,-,5.17
,,,26.  Return on advances,8.84,9.21,9.09,9.65,8.75,-,-,9.18
,,,27.  Return on investments,6.72,6.83,6.80,6.53,7.39,-,-,6.79
,,,28.  Return on advances adjusted to cost of funds,3.72,3.87,3.83,4.36,5.40,-,-,4.01
,,,29.  Return on investments adjusted to cost of funds,1.60,1.50,1.53,1.24,4.04,-,-,1.63
,,2009-10   ,1.  Cash - Deposit Ratio,7.41,7.31,7.34,9.22,8.23,-,-,7.71
,,,2.  Credit - Deposit Ratio,77.43,71.33,73.16,76.86,70.34,-,-,73.66
,,,3.  Investment - Deposit Ratio,34.97,32.05,32.93,43.04,68.63,-,-,36.42
,,,4.  (Credit + Investment) - Deposit Ratio,112.39,103.38,106.08,119.90,138.97,-,-,110.09
,,,5.   Ratio of deposits to total liabilities,78.46,85.32,83.14,71.50,53.31,-,-,78.76
,,,6.   Ratio of demand & savings bank deposits to total deposits,42.73,30.28,34.01,38.99,45.10,-,-,35.42
,,,7.   Ratio of priority sector advances to total advances,29.45,31.56,30.89,31.90,33.93,-,-,31.22
,,,8.   Ratio of term loans to total advances,52.16,54.90,54.03,70.56,42.21,-,-,56.47
,,,9.   Ratio of secured advances to total advances,80.55,79.49,79.82,78.69,50.72,-,-,78.26
,,,10.  Ratio of investments in non-approved securities to total investments,19.74,16.19,17.32,31.85,26.24,-,-,21.12
,,,11.  Ratio of interest income to total assets,7.28,7.55,7.46,7.60,5.99,-,-,7.37
,,,12.  Ratio of net interest income to total assets (Net Interest Margin),2.36,2.26,2.29,2.90,3.96,-,-,2.54
,,,13.  Ratio of non-interest income to total assets,1.37,1.11,1.19,1.87,2.26,-,-,1.41
,,,14.  Ratio of intermediation cost to total assets,1.88,1.48,1.61,2.10,2.52,-,-,1.78
,,,15.  Ratio of wage bills to intermediation cost,61.91,62.42,62.23,41.25,42.39,-,-,55.23
,,,16.  Ratio of wage bills to total expense,17.10,13.65,14.79,12.73,23.48,-,-,14.85
,,,17.  Ratio of wage bills to total income,13.45,10.68,11.59,9.13,12.95,-,-,11.17
,,,18.  Ratio of burden to total assets,0.51,0.37,0.42,0.22,0.26,-,-,0.37
,,,19.  Ratio of burden to interest income,7.03,4.95,5.62,2.93,4.36,-,-,5.00
,,,20.  Ratio of operating profits to total assets,1.84,1.89,1.87,2.68,3.70,-,-,2.17
,,,21.  Return on assets,0.91,1.00,0.97,1.28,1.26,-,-,1.05
,,,22.  Return on equity,15.92,18.30,17.47,11.94,7.34,-,-,14.31
,,,23.  Cost of deposits,5.75,5.64,5.68,5.36,3.10,-,-,5.49
,,,24.  Cost of borrowings,4.82,7.70,6.57,6.58,2.76,-,-,6.02
,,,25.  Cost of funds,5.66,5.78,5.75,5.55,3.02,-,-,5.54
,,,26.  Return on advances,8.93,9.18,9.10,9.89,9.99,-,-,9.29
,,,27.  Return on investments,6.33,6.81,6.65,6.23,6.39,-,-,6.54
,,,28.  Return on advances adjusted to cost of funds,3.26,3.40,3.35,4.34,6.97,-,-,3.75
,,,29.  Return on investments adjusted to cost of funds,0.66,1.03,0.90,0.69,3.37,-,-,1.00
,,2008-09   ,1.  Cash - Deposit Ratio,7.36,7.13,7.20,7.81,7.31,-,-,7.32
,,,2.  Credit - Deposit Ratio,73.43,72.17,72.58,78.13,77.25,-,-,73.83
,,,3.  Investment - Deposit Ratio,35.51,31.11,32.53,41.63,60.89,-,-,35.68
,,,4.  (Credit + Investment) - Deposit Ratio,108.94,103.28,105.11,119.76,138.15,-,-,109.51
,,,5.   Ratio of deposits to total liabilities,78.67,84.71,82.66,71.65,48.09,-,-,77.56
,,,6.   Ratio of demand & savings bank deposits to total deposits,38.55,29.85,32.66,32.74,41.73,-,-,33.15
,,,7.   Ratio of priority sector advances to total advances,28.70,30.87,30.16,30.76,30.62,-,-,30.30
,,,8.   Ratio of term loans to total advances,52.17,55.95,54.71,71.19,48.14,-,-,57.51
,,,9.   Ratio of secured advances to total advances,80.73,80.74,80.73,78.89,48.20,-,-,78.59
,,,10.  Ratio of investments in non-approved securities to total investments,15.41,16.49,16.11,28.83,23.27,-,-,19.44
,,,11.  Ratio of interest income to total assets,7.79,8.18,8.05,8.65,7.49,-,-,8.12
,,,12.  Ratio of net interest income to total assets (Net Interest Margin),2.39,2.32,2.35,2.86,4.33,-,-,2.62
,,,13.  Ratio of non-interest income to total assets,1.40,1.17,1.25,1.82,3.68,-,-,1.57
,,,14.  Ratio of intermediation cost to total assets,1.75,1.58,1.64,2.21,3.04,-,-,1.87
,,,15.  Ratio of wage bills to intermediation cost,61.39,62.78,62.27,39.15,39.71,-,-,53.55
,,,16.  Ratio of wage bills to total expense,15.06,13.31,13.88,10.83,19.44,-,-,13.60
,,,17.  Ratio of wage bills to total income,11.71,10.57,10.95,8.28,10.80,-,-,10.35
,,,18.  Ratio of burden to total assets,0.35,0.40,0.38,0.40,-0.64,-,-,0.30
,,,19.  Ratio of burden to interest income,4.50,4.91,4.77,4.61,-8.56,-,-,3.70
,,,20.  Ratio of operating profits to total assets,2.04,1.92,1.96,2.46,4.97,-,-,2.32
,,,21.  Return on assets,1.02,1.03,1.03,1.13,1.99,-,-,1.13
,,,22.  Return on equity,17.74,18.05,17.94,11.38,13.75,-,-,15.44
,,,23.  Cost of deposits,6.17,6.31,6.26,6.60,4.58,-,-,6.24
,,,24.  Cost of borrowings,8.15,9.96,9.23,9.19,5.20,-,-,8.51
,,,25.  Cost of funds,6.34,6.53,6.47,6.96,4.74,-,-,6.45
,,,26.  Return on advances,9.89,10.17,10.08,11.41,12.61,-,-,10.50
,,,27.  Return on investments,6.77,7.05,6.95,6.93,7.63,-,-,7.01
,,,28.  Return on advances adjusted to cost of funds,3.55,3.65,3.61,4.45,7.87,-,-,4.04
,,,29.  Return on investments adjusted to cost of funds,0.43,0.52,0.48,-0.03,2.89,-,-,0.55
,,2007-08   ,1.  Cash - Deposit Ratio,9.65,9.22,9.36,10.56,11.51,-,-,9.73
,,,2.  Credit - Deposit Ratio,76.72,71.65,73.25,76.80,84.29,-,-,74.61
,,,3.  Investment - Deposit Ratio,34.09,31.91,32.60,41.27,51.74,-,-,35.46
,,,4.  (Credit + Investment) - Deposit Ratio,110.81,103.55,105.84,118.07,136.03,-,-,110.07
,,,5.   Ratio of deposits to total liabilities,76.55,83.54,81.20,71.80,52.50,-,-,76.74
,,,6.   Ratio of demand & savings bank deposits to total deposits,41.97,32.99,35.82,32.83,44.70,-,-,35.73
,,,7.   Ratio of priority sector advances to total advances,30.82,33.16,32.38,29.27,29.58,-,-,31.55
,,,8.   Ratio of term loans to total advances,55.19,55.62,55.48,69.66,48.90,-,-,58.02
,,,9.   Ratio of secured advances to total advances,76.74,79.96,78.90,79.22,45.56,-,-,76.80
,,,10.  Ratio of investments in non-approved securities to total investments,19.78,17.53,18.27,30.30,16.20,-,-,20.94
,,,11.  Ratio of interest income to total assets,7.75,7.83,7.80,8.42,7.65,-,-,7.92
,,,12.  Ratio of net interest income to total assets (Net Interest Margin),2.49,2.28,2.35,2.67,4.33,-,-,2.58
,,,13.  Ratio of non-interest income to total assets,1.30,1.15,1.20,2.02,3.32,-,-,1.55
,,,14.  Ratio of intermediation cost to total assets,1.87,1.63,1.71,2.40,3.24,-,-,1.99
,,,15.  Ratio of wage bills to intermediation cost,60.58,61.90,61.42,35.10,40.38,-,-,51.70
,,,16.  Ratio of wage bills to total expense,15.89,14.05,14.66,10.35,19.95,-,-,14.01
,,,17.  Ratio of wage bills to total income,12.52,11.22,11.66,8.08,11.94,-,-,10.83
,,,18.  Ratio of burden to total assets,0.57,0.48,0.51,0.39,-0.07,-,-,0.43
,,,19.  Ratio of burden to interest income,7.35,6.09,6.51,4.59,-0.96,-,-,5.48
,,,20.  Ratio of operating profits to total assets,1.92,1.80,1.84,2.28,4.40,-,-,2.15
,,,21.  Return on assets,0.97,1.01,1.00,1.13,2.09,-,-,1.12
,,,22.  Return on equity,17.21,17.09,17.13,13.43,16.05,-,-,15.98
,,,23.  Cost of deposits,5.91,5.99,5.97,6.47,4.20,-,-,5.97
,,,24.  Cost of borrowings,11.02,12.06,11.64,11.17,6.27,-,-,10.43
,,,25.  Cost of funds,6.29,6.31,6.30,7.00,4.70,-,-,6.34
,,,26.  Return on advances,9.55,9.51,9.52,11.01,10.93,-,-,9.92
,,,27.  Return on investments,7.11,7.32,7.25,7.22,8.24,-,-,7.33
,,,28.  Return on advances adjusted to cost of funds,3.26,3.20,3.22,4.01,6.23,-,-,3.58
,,,29.  Return on investments adjusted to cost of funds,0.82,1.01,0.95,0.22,3.54,-,-,0.99
,,2006-07   ,1.  Cash - Deposit Ratio,7.08,7.16,7.13,7.41,8.06,-,-,7.24
,,,2.  Credit - Deposit Ratio,76.13,70.39,72.22,75.14,83.81,-,-,73.46
,,,3.  Investment - Deposit Ratio,33.45,33.29,33.34,38.89,47.41,-,-,35.26
,,,4.  (Credit + Investment) - Deposit Ratio,109.58,103.68,105.56,114.03,131.22,-,-,108.72
,,,5.   Ratio of deposits to total liabilities,78.61,83.26,81.72,74.05,54.94,-,-,77.95
,,,6.   Ratio of demand & savings bank deposits to total deposits,42.89,35.43,37.80,29.83,45.10,-,-,36.58
,,,7.   Ratio of priority sector advances to total advances,32.64,34.69,34.00,31.58,27.44,-,-,33.08
,,,8.   Ratio of term loans to total advances,54.84,54.91,54.89,70.31,51.47,-,-,57.90
,,,9.   Ratio of secured advances to total advances,78.59,82.67,81.30,81.42,54.34,-,-,79.61
,,,10.  Ratio of investments in non-approved securities to total investments,14.58,19.13,17.68,25.51,21.22,-,-,19.72
,,,11.  Ratio of interest income to total assets,7.14,7.49,7.37,7.53,7.57,-,-,7.42
,,,12.  Ratio of net interest income to total assets (Net Interest Margin),2.79,2.80,2.79,2.54,4.36,-,-,2.86
,,,13.  Ratio of non-interest income to total assets,1.26,0.96,1.06,1.87,2.97,-,-,1.38
,,,14.  Ratio of intermediation cost to total assets,2.13,1.84,1.94,2.33,3.27,-,-,2.12
,,,15.  Ratio of wage bills to intermediation cost,65.49,63.56,64.28,34.36,39.78,-,-,54.51
,,,16.  Ratio of wage bills to total expense,21.55,17.94,19.15,10.93,20.08,-,-,17.32
,,,17.  Ratio of wage bills to total income,16.65,13.87,14.80,8.51,12.34,-,-,13.16
,,,18.  Ratio of burden to total assets,0.88,0.88,0.88,0.46,0.30,-,-,0.75
,,,19.  Ratio of burden to interest income,12.28,11.74,11.92,6.07,3.91,-,-,10.05
,,,20.  Ratio of operating profits to total assets,1.91,1.92,1.91,2.08,4.06,-,-,2.11
,,,21.  Return on assets,0.86,0.94,0.92,1.02,2.28,-,-,1.05
,,,22.  Return on equity,16.31,15.97,16.08,13.71,15.98,-,-,15.51
,,,23.  Cost of deposits,4.81,4.96,4.91,5.37,3.59,-,-,4.93
,,,24.  Cost of borrowings,10.18,11.63,11.11,10.93,6.38,-,-,10.11
,,,25.  Cost of funds,5.17,5.35,5.29,5.97,4.30,-,-,5.37
,,,26.  Return on advances,8.47,8.79,8.68,9.55,9.78,-,-,8.93
,,,27.  Return on investments,6.81,7.49,7.26,6.50,8.61,-,-,7.19
,,,28.  Return on advances adjusted to cost of funds,3.30,3.44,3.39,3.58,5.48,-,-,3.57
,,,29.  Return on investments adjusted to cost of funds,1.64,2.14,1.97,0.53,4.32,-,-,1.82
,,2005-06   ,1.  Cash - Deposit Ratio,5.72,7.57,6.95,5.51,7.13,-,-,6.67
,,,2.  Credit - Deposit Ratio,68.52,68.01,68.18,73.04,85.77,-,-,70.07
,,,3.  Investment - Deposit Ratio,41.44,37.85,39.05,42.14,46.05,-,-,40.03
,,,4.  (Credit + Investment) - Deposit Ratio,109.96,105.86,107.23,115.19,131.83,-,-,110.10
,,,5.   Ratio of deposits to total liabilities,78.40,81.64,80.53,74.95,57.06,-,-,77.70
,,,6.   Ratio of demand & savings bank deposits to total deposits,43.40,38.21,39.95,30.39,50.53,-,-,38.61
,,,7.   Ratio of priority sector advances to total advances,33.64,36.18,35.33,30.59,26.87,-,-,33.81
,,,8.   Ratio of term loans to total advances,53.90,52.66,53.08,68.40,48.04,-,-,55.92
,,,9.   Ratio of secured advances to total advances,79.05,82.15,81.11,83.23,57.67,-,-,80.04
,,,10.  Ratio of investments in non-approved securities to total investments,12.45,18.61,16.42,28.04,21.80,-,-,19.17
,,,11.  Ratio of interest income to total assets,7.48,7.17,7.28,7.05,6.96,-,-,7.21
,,,12.  Ratio of net interest income to total assets (Net Interest Margin),3.22,2.92,3.03,2.74,4.05,-,-,3.04
,,,13.  Ratio of non-interest income to total assets,1.44,1.00,1.16,1.62,3.04,-,-,1.38
,,,14.  Ratio of intermediation cost to total assets,2.39,2.07,2.18,2.41,3.32,-,-,2.30
,,,15.  Ratio of wage bills to intermediation cost,67.67,65.42,66.28,33.87,34.25,-,-,56.52
,,,16.  Ratio of wage bills to total expense,24.35,21.42,22.48,12.15,18.22,-,-,20.11
,,,17.  Ratio of wage bills to total income,18.13,16.56,17.13,9.41,11.35,-,-,15.16
,,,18.  Ratio of burden to total assets,0.95,1.07,1.02,0.79,0.27,-,-,0.93
,,,19.  Ratio of burden to interest income,12.64,14.87,14.07,11.21,3.93,-,-,12.86
,,,20.  Ratio of operating profits to total assets,2.28,1.86,2.00,1.95,3.77,-,-,2.12
,,,21.  Return on assets,0.87,0.89,0.88,1.07,2.08,-,-,1.01
,,,22.  Return on equity,16.92,14.65,15.39,13.34,14.18,-,-,14.77
,,,23.  Cost of deposits,4.83,4.45,4.58,4.46,3.16,-,-,4.48
,,,24.  Cost of borrowings,9.05,10.49,10.07,10.52,5.74,-,-,9.38
,,,25.  Cost of funds,5.06,4.86,4.93,5.14,3.82,-,-,4.90
,,,26.  Return on advances,7.77,8.13,8.01,8.72,8.54,-,-,8.19
,,,27.  Return on investments,7.86,7.83,7.84,6.64,8.30,-,-,7.65
,,,28.  Return on advances adjusted to cost of funds,2.72,3.27,3.08,3.58,4.71,-,-,3.29
,,,29.  Return on investments adjusted to cost of funds,2.81,2.97,2.92,1.50,4.47,-,-,2.74
,,2004-05   ,1.  Cash - Deposit Ratio,4.99,6.96,6.26,6.78,7.82,-,-,6.43
,,,2.  Credit - Deposit Ratio,56.31,61.17,59.46,70.34,87.18,-,-,62.63
,,,3.  Investment - Deposit Ratio,51.56,45.71,47.77,44.71,49.61,-,-,47.33
,,,4.  (Credit + Investment) - Deposit Ratio,107.87,106.88,107.23,115.05,136.79,-,-,109.96
,,,5.   Ratio of deposits to total liabilities,80.63,81.17,80.98,73.53,56.23,-,-,78.01
,,,6.   Ratio of demand & savings bank deposits to total deposits,39.05,37.01,37.73,30.48,48.05,-,-,36.97
,,,7.   Ratio of priority sector advances to total advances,32.33,35.50,34.45,25.74,25.77,-,-,32.20
,,,8.   Ratio of term loans to total advances,52.03,51.24,51.50,65.49,49.16,-,-,54.04
,,,9.   Ratio of secured advances to total advances,79.10,84.95,83.00,86.06,63.56,-,-,82.32
,,,10.  Ratio of investments in non-approved securities to total investments,9.74,19.04,15.51,30.58,20.07,-,-,18.17
,,,11.  Ratio of interest income to total assets,7.49,7.38,7.42,6.61,6.33,-,-,7.20
,,,12.  Ratio of net interest income to total assets (Net Interest Margin),3.27,3.13,3.18,2.51,3.54,-,-,3.08
,,,13.  Ratio of non-interest income to total assets,1.61,1.42,1.49,1.60,2.67,-,-,1.59
,,,14.  Ratio of intermediation cost to total assets,2.28,2.28,2.28,2.18,3.05,-,-,2.32
,,,15.  Ratio of wage bills to intermediation cost,67.43,68.25,67.96,33.92,30.89,-,-,58.80
,,,16.  Ratio of wage bills to total expense,23.64,23.88,23.79,11.80,16.13,-,-,21.18
,,,17.  Ratio of wage bills to total income,16.89,17.72,17.41,9.02,10.47,-,-,15.50
,,,18.  Ratio of burden to total assets,0.67,0.86,0.79,0.58,0.38,-,-,0.73
,,,19.  Ratio of burden to interest income,8.92,11.67,10.67,8.79,6.02,-,-,10.08
,,,20.  Ratio of operating profits to total assets,2.60,2.27,2.39,1.93,3.16,-,-,2.36
,,,21.  Return on assets,0.95,0.95,0.95,1.06,1.61,-,-,1.01
,,,22.  Return on equity,18.76,16.47,17.24,13.27,11.72,-,-,15.75
,,,23.  Cost of deposits,4.96,4.56,4.70,4.14,3.11,-,-,4.53
,,,24.  Cost of borrowings,7.72,11.14,10.02,9.90,5.20,-,-,8.96
,,,25.  Cost of funds,5.07,4.86,4.93,4.87,3.63,-,-,4.84
,,,26.  Return on advances,7.49,8.21,7.97,8.49,8.15,-,-,8.08
,,,27.  Return on investments,8.39,8.22,8.29,6.16,6.98,-,-,7.87
,,,28.  Return on advances adjusted to cost of funds,2.42,3.35,3.03,3.62,4.52,-,-,3.24
,,,29.  Return on investments adjusted to cost of funds,3.32,3.36,3.35,1.29,3.34,-,-,3.02
,,,,,,,,,,,
,See Notes on Tables.,,,,,,,,,,
